env,device,model,batch_size,iter_idx,iter_time_ms,imgs_per_sec,timestamp,environment,env_code,source_file
envA,cuda,mobilenet_v2,128,0,193.59,661.2,1763160024.1694,RTX 4080,A,mobilenetv2_b128.csv
envA,cuda,mobilenet_v2,128,1,85.39,1498.94,1763160024.3639183,RTX 4080,A,mobilenetv2_b128.csv
envA,cuda,mobilenet_v2,128,2,193.34,662.05,1763160024.5574448,RTX 4080,A,mobilenetv2_b128.csv
envA,cuda,mobilenet_v2,128,3,193.25,662.34,1763160024.7508974,RTX 4080,A,mobilenetv2_b128.csv
envA,cuda,mobilenet_v2,128,4,193.91,660.09,1763160024.945014,RTX 4080,A,mobilenetv2_b128.csv
envA,cuda,mobilenet_v2,128,5,193.45,661.68,1763160025.1387124,RTX 4080,A,mobilenetv2_b128.csv
envA,cuda,mobilenet_v2,128,6,193.16,662.67,1763160025.3320043,RTX 4080,A,mobilenetv2_b128.csv
envA,cuda,mobilenet_v2,128,7,193.95,659.95,1763160025.5261867,RTX 4080,A,mobilenetv2_b128.csv
envA,cuda,mobilenet_v2,128,8,192.98,663.29,1763160025.7194283,RTX 4080,A,mobilenetv2_b128.csv
envA,cuda,mobilenet_v2,128,9,193.46,661.63,1763160025.9130964,RTX 4080,A,mobilenetv2_b128.csv
envA,cuda,mobilenet_v2,128,10,193.54,661.36,1763160026.106826,RTX 4080,A,mobilenetv2_b128.csv
envA,cuda,mobilenet_v2,128,11,86.05,1487.5,1763160026.3019304,RTX 4080,A,mobilenetv2_b128.csv
envA,cuda,mobilenet_v2,128,12,193.53,661.38,1763160026.4957168,RTX 4080,A,mobilenetv2_b128.csv
envA,cuda,mobilenet_v2,128,13,193.53,661.4,1763160026.6894531,RTX 4080,A,mobilenetv2_b128.csv
envA,cuda,mobilenet_v2,128,14,193.24,662.38,1763160026.8829296,RTX 4080,A,mobilenetv2_b128.csv
envA,cuda,mobilenet_v2,128,15,193.82,660.42,1763160027.0769594,RTX 4080,A,mobilenetv2_b128.csv
envA,cuda,mobilenet_v2,128,16,193.54,661.35,1763160027.2707045,RTX 4080,A,mobilenetv2_b128.csv
envA,cuda,mobilenet_v2,128,17,193.62,661.09,1763160027.464538,RTX 4080,A,mobilenetv2_b128.csv
envA,cuda,mobilenet_v2,128,18,192.87,663.67,1763160027.6575966,RTX 4080,A,mobilenetv2_b128.csv
envA,cuda,mobilenet_v2,128,19,194.61,657.73,1763160027.8524055,RTX 4080,A,mobilenetv2_b128.csv
envA,cuda,mobilenet_v2,128,20,192.4,665.3,1763160028.044942,RTX 4080,A,mobilenetv2_b128.csv
envA,cuda,mobilenet_v2,128,21,85.27,1501.11,1763160028.2396328,RTX 4080,A,mobilenetv2_b128.csv
envA,cuda,mobilenet_v2,128,22,194.63,657.66,1763160028.434491,RTX 4080,A,mobilenetv2_b128.csv
envA,cuda,mobilenet_v2,128,23,192.74,664.11,1763160028.6274366,RTX 4080,A,mobilenetv2_b128.csv
envA,cuda,mobilenet_v2,128,24,194.08,659.54,1763160028.8216884,RTX 4080,A,mobilenetv2_b128.csv
envA,cuda,mobilenet_v2,128,25,194.02,659.72,1763160029.015973,RTX 4080,A,mobilenetv2_b128.csv
envA,cuda,mobilenet_v2,128,26,193.33,662.08,1763160029.2095337,RTX 4080,A,mobilenetv2_b128.csv
envA,cuda,mobilenet_v2,128,27,193.88,660.22,1763160029.4036398,RTX 4080,A,mobilenetv2_b128.csv
envA,cuda,mobilenet_v2,128,28,193.57,661.25,1763160029.5974116,RTX 4080,A,mobilenetv2_b128.csv
envA,cuda,mobilenet_v2,128,29,192.85,663.73,1763160029.7905066,RTX 4080,A,mobilenetv2_b128.csv
envA,cuda,mobilenet_v2,128,30,194.86,656.89,1763160029.9855976,RTX 4080,A,mobilenetv2_b128.csv
envA,cuda,mobilenet_v2,128,31,86.28,1483.47,1763160030.1800764,RTX 4080,A,mobilenetv2_b128.csv
envA,cuda,mobilenet_v2,128,32,192.35,665.47,1763160030.3726442,RTX 4080,A,mobilenetv2_b128.csv
envA,cuda,mobilenet_v2,128,33,193.95,659.97,1763160030.5667956,RTX 4080,A,mobilenetv2_b128.csv
envA,cuda,mobilenet_v2,128,34,193.55,661.34,1763160030.760547,RTX 4080,A,mobilenetv2_b128.csv
envA,cuda,mobilenet_v2,128,35,194.87,656.85,1763160030.955615,RTX 4080,A,mobilenetv2_b128.csv
envA,cuda,mobilenet_v2,128,36,193.82,660.39,1763160031.1496413,RTX 4080,A,mobilenetv2_b128.csv
envA,cuda,mobilenet_v2,128,37,192.83,663.79,1763160031.3426166,RTX 4080,A,mobilenetv2_b128.csv
envA,cuda,mobilenet_v2,128,38,193.53,661.38,1763160031.536379,RTX 4080,A,mobilenetv2_b128.csv
envA,cuda,mobilenet_v2,128,39,193.66,660.96,1763160031.7302947,RTX 4080,A,mobilenetv2_b128.csv
envA,cuda,mobilenet_v2,128,40,193.57,661.25,1763160031.9240549,RTX 4080,A,mobilenetv2_b128.csv
envA,cuda,mobilenet_v2,128,41,85.49,1497.2,1763160032.1190157,RTX 4080,A,mobilenetv2_b128.csv
envA,cuda,mobilenet_v2,128,42,194.41,658.41,1763160032.3136134,RTX 4080,A,mobilenetv2_b128.csv
envA,cuda,mobilenet_v2,128,43,193.28,662.26,1763160032.5071013,RTX 4080,A,mobilenetv2_b128.csv
envA,cuda,mobilenet_v2,128,44,193.49,661.53,1763160032.700792,RTX 4080,A,mobilenetv2_b128.csv
envA,cuda,mobilenet_v2,128,45,193.46,661.63,1763160032.8944569,RTX 4080,A,mobilenetv2_b128.csv
envA,cuda,mobilenet_v2,128,46,193.61,661.13,1763160033.0882912,RTX 4080,A,mobilenetv2_b128.csv
envA,cuda,mobilenet_v2,128,47,194.49,658.15,1763160033.283003,RTX 4080,A,mobilenetv2_b128.csv
envA,cuda,mobilenet_v2,128,48,194.46,658.22,1763160033.4776418,RTX 4080,A,mobilenetv2_b128.csv
envA,cuda,mobilenet_v2,128,49,193.19,662.55,1763160033.6710153,RTX 4080,A,mobilenetv2_b128.csv
envA,cuda,mobilenet_v2,128,50,193.98,659.88,1763160033.8652067,RTX 4080,A,mobilenetv2_b128.csv
envA,cuda,mobilenet_v2,128,51,85.07,1504.64,1763160034.0598323,RTX 4080,A,mobilenetv2_b128.csv
envA,cuda,mobilenet_v2,128,52,193.84,660.34,1763160034.253889,RTX 4080,A,mobilenetv2_b128.csv
envA,cuda,mobilenet_v2,128,53,194.17,659.22,1763160034.44825,RTX 4080,A,mobilenetv2_b128.csv
envA,cuda,mobilenet_v2,128,54,193.09,662.9,1763160034.6415591,RTX 4080,A,mobilenetv2_b128.csv
envA,cuda,mobilenet_v2,128,55,193.01,663.19,1763160034.8351977,RTX 4080,A,mobilenetv2_b128.csv
envA,cuda,mobilenet_v2,128,56,193.37,661.96,1763160035.0286837,RTX 4080,A,mobilenetv2_b128.csv
envA,cuda,mobilenet_v2,128,57,194.27,658.88,1763160035.2230735,RTX 4080,A,mobilenetv2_b128.csv
envA,cuda,mobilenet_v2,128,58,193.12,662.8,1763160035.416312,RTX 4080,A,mobilenetv2_b128.csv
envA,cuda,mobilenet_v2,128,59,193.73,660.7,1763160035.610155,RTX 4080,A,mobilenetv2_b128.csv
envA,cuda,mobilenet_v2,128,60,192.96,663.37,1763160035.8032246,RTX 4080,A,mobilenetv2_b128.csv
envA,cuda,mobilenet_v2,128,61,84.84,1508.72,1763160035.9971924,RTX 4080,A,mobilenetv2_b128.csv
envA,cuda,mobilenet_v2,128,62,193.44,661.72,1763160036.1907456,RTX 4080,A,mobilenetv2_b128.csv
envA,cuda,mobilenet_v2,128,63,207.9,615.67,1763160036.398761,RTX 4080,A,mobilenetv2_b128.csv
envA,cuda,resnet18,128,0,133.5,958.82,1763159421.395764,RTX 4080,A,resnet18_b128.csv
envA,cuda,resnet18,128,1,53.51,2391.92,1763159421.532412,RTX 4080,A,resnet18_b128.csv
envA,cuda,resnet18,128,2,133.6,958.1,1763159421.6662436,RTX 4080,A,resnet18_b128.csv
envA,cuda,resnet18,128,3,134.24,953.53,1763159421.800721,RTX 4080,A,resnet18_b128.csv
envA,cuda,resnet18,128,4,132.82,963.68,1763159421.9338484,RTX 4080,A,resnet18_b128.csv
envA,cuda,resnet18,128,5,133.89,956.0,1763159422.0680158,RTX 4080,A,resnet18_b128.csv
envA,cuda,resnet18,128,6,132.17,968.48,1763159422.2004323,RTX 4080,A,resnet18_b128.csv
envA,cuda,resnet18,128,7,133.25,960.62,1763159422.3339963,RTX 4080,A,resnet18_b128.csv
envA,cuda,resnet18,128,8,130.39,981.69,1763159422.4647274,RTX 4080,A,resnet18_b128.csv
envA,cuda,resnet18,128,9,131.85,970.83,1763159422.5968328,RTX 4080,A,resnet18_b128.csv
envA,cuda,resnet18,128,10,132.21,968.16,1763159422.729314,RTX 4080,A,resnet18_b128.csv
envA,cuda,resnet18,128,11,53.25,2403.75,1763159422.864352,RTX 4080,A,resnet18_b128.csv
envA,cuda,resnet18,128,12,131.35,974.5,1763159422.9960086,RTX 4080,A,resnet18_b128.csv
envA,cuda,resnet18,128,13,130.98,977.28,1763159423.1272914,RTX 4080,A,resnet18_b128.csv
envA,cuda,resnet18,128,14,131.51,973.32,1763159423.2590847,RTX 4080,A,resnet18_b128.csv
envA,cuda,resnet18,128,15,130.61,980.03,1763159423.390052,RTX 4080,A,resnet18_b128.csv
envA,cuda,resnet18,128,16,129.88,985.51,1763159423.520244,RTX 4080,A,resnet18_b128.csv
envA,cuda,resnet18,128,17,130.77,978.83,1763159423.6513083,RTX 4080,A,resnet18_b128.csv
envA,cuda,resnet18,128,18,130.65,979.71,1763159423.782273,RTX 4080,A,resnet18_b128.csv
envA,cuda,resnet18,128,19,130.31,982.29,1763159423.9128668,RTX 4080,A,resnet18_b128.csv
envA,cuda,resnet18,128,20,131.88,970.6,1763159424.0450964,RTX 4080,A,resnet18_b128.csv
envA,cuda,resnet18,128,21,55.21,2318.27,1763159424.189243,RTX 4080,A,resnet18_b128.csv
envA,cuda,resnet18,128,22,133.56,958.35,1763159424.32307,RTX 4080,A,resnet18_b128.csv
envA,cuda,resnet18,128,23,131.4,974.1,1763159424.4547763,RTX 4080,A,resnet18_b128.csv
envA,cuda,resnet18,128,24,142.24,899.9,1763159424.5972912,RTX 4080,A,resnet18_b128.csv
envA,cuda,resnet18,128,25,142.09,900.81,1763159424.739642,RTX 4080,A,resnet18_b128.csv
envA,cuda,resnet18,128,26,142.98,895.26,1763159424.882886,RTX 4080,A,resnet18_b128.csv
envA,cuda,resnet18,128,27,144.65,884.89,1763159425.0278037,RTX 4080,A,resnet18_b128.csv
envA,cuda,resnet18,128,28,144.12,888.13,1763159425.1722095,RTX 4080,A,resnet18_b128.csv
envA,cuda,resnet18,128,29,137.95,927.88,1763159425.3105626,RTX 4080,A,resnet18_b128.csv
envA,cuda,resnet18,128,30,131.74,971.63,1763159425.4425814,RTX 4080,A,resnet18_b128.csv
envA,cuda,resnet18,128,31,53.75,2381.46,1763159425.57759,RTX 4080,A,resnet18_b128.csv
envA,cuda,resnet18,128,32,130.36,981.93,1763159425.7082982,RTX 4080,A,resnet18_b128.csv
envA,cuda,resnet18,128,33,131.37,974.32,1763159425.8399315,RTX 4080,A,resnet18_b128.csv
envA,cuda,resnet18,128,34,130.99,977.15,1763159425.9712143,RTX 4080,A,resnet18_b128.csv
envA,cuda,resnet18,128,35,131.15,976.01,1763159426.1025963,RTX 4080,A,resnet18_b128.csv
envA,cuda,resnet18,128,36,130.99,977.18,1763159426.233911,RTX 4080,A,resnet18_b128.csv
envA,cuda,resnet18,128,37,132.38,966.94,1763159426.366619,RTX 4080,A,resnet18_b128.csv
envA,cuda,resnet18,128,38,132.37,966.96,1763159426.4992778,RTX 4080,A,resnet18_b128.csv
envA,cuda,resnet18,128,39,137.56,930.47,1763159426.637106,RTX 4080,A,resnet18_b128.csv
envA,cuda,resnet18,128,40,141.09,907.21,1763159426.7784846,RTX 4080,A,resnet18_b128.csv
envA,cuda,resnet18,128,41,54.31,2356.66,1763159426.9206133,RTX 4080,A,resnet18_b128.csv
envA,cuda,resnet18,128,42,135.45,945.02,1763159427.056389,RTX 4080,A,resnet18_b128.csv
envA,cuda,resnet18,128,43,142.65,897.27,1763159427.1993234,RTX 4080,A,resnet18_b128.csv
envA,cuda,resnet18,128,44,131.62,972.48,1763159427.3314126,RTX 4080,A,resnet18_b128.csv
envA,cuda,resnet18,128,45,131.1,976.36,1763159427.4626868,RTX 4080,A,resnet18_b128.csv
envA,cuda,resnet18,128,46,131.13,976.1,1763159427.5940886,RTX 4080,A,resnet18_b128.csv
envA,cuda,resnet18,128,47,139.08,920.33,1763159427.73357,RTX 4080,A,resnet18_b128.csv
envA,cuda,resnet18,128,48,143.4,892.6,1763159427.8773117,RTX 4080,A,resnet18_b128.csv
envA,cuda,resnet18,128,49,141.57,904.14,1763159428.0192242,RTX 4080,A,resnet18_b128.csv
envA,cuda,resnet18,128,50,143.49,892.06,1763159428.1631055,RTX 4080,A,resnet18_b128.csv
envA,cuda,resnet18,128,51,53.76,2381.05,1763159428.3048918,RTX 4080,A,resnet18_b128.csv
envA,cuda,resnet18,128,52,142.88,895.89,1763159428.4480703,RTX 4080,A,resnet18_b128.csv
envA,cuda,resnet18,128,53,137.26,932.55,1763159428.5856807,RTX 4080,A,resnet18_b128.csv
envA,cuda,resnet18,128,54,135.97,941.35,1763159428.7219992,RTX 4080,A,resnet18_b128.csv
envA,cuda,resnet18,128,55,132.69,964.63,1763159428.855325,RTX 4080,A,resnet18_b128.csv
envA,cuda,resnet18,128,56,131.99,969.79,1763159428.987463,RTX 4080,A,resnet18_b128.csv
envA,cuda,resnet18,128,57,130.46,981.12,1763159429.1180923,RTX 4080,A,resnet18_b128.csv
envA,cuda,resnet18,128,58,138.08,926.97,1763159429.256334,RTX 4080,A,resnet18_b128.csv
envA,cuda,resnet18,128,59,133.89,955.98,1763159429.3903832,RTX 4080,A,resnet18_b128.csv
envA,cuda,resnet18,128,60,131.16,975.89,1763159429.5216827,RTX 4080,A,resnet18_b128.csv
envA,cuda,resnet18,128,61,53.13,2409.02,1763159429.6567738,RTX 4080,A,resnet18_b128.csv
envA,cuda,resnet18,128,62,130.65,979.74,1763159429.7875538,RTX 4080,A,resnet18_b128.csv
envA,cuda,resnet18,128,63,141.85,902.34,1763159429.9295423,RTX 4080,A,resnet18_b128.csv
envA,cuda,resnet50,128,0,5326.58,24.03,1763157316.9777613,RTX 4080,A,resnet50_b128.csv
envA,cuda,resnet50,128,1,914.41,139.98,1763157321.434863,RTX 4080,A,resnet50_b128.csv
envA,cuda,resnet50,128,2,4800.01,26.67,1763157326.2351077,RTX 4080,A,resnet50_b128.csv
envA,cuda,resnet50,128,3,4760.43,26.89,1763157330.9956894,RTX 4080,A,resnet50_b128.csv
envA,cuda,resnet50,128,4,4941.08,25.91,1763157335.937036,RTX 4080,A,resnet50_b128.csv
envA,cuda,resnet50,128,5,4929.76,25.96,1763157340.8672135,RTX 4080,A,resnet50_b128.csv
envA,cuda,resnet50,128,6,4609.49,27.77,1763157345.476967,RTX 4080,A,resnet50_b128.csv
envA,cuda,resnet50,128,7,5180.25,24.71,1763157350.6575682,RTX 4080,A,resnet50_b128.csv
envA,cuda,resnet50,128,8,4963.9,25.79,1763157355.6216505,RTX 4080,A,resnet50_b128.csv
envA,cuda,resnet50,128,9,4661.22,27.46,1763157360.2830918,RTX 4080,A,resnet50_b128.csv
envA,cuda,resnet50,128,10,4792.73,26.71,1763157365.0761404,RTX 4080,A,resnet50_b128.csv
envA,cuda,resnet50,128,11,1026.22,124.73,1763157370.2805524,RTX 4080,A,resnet50_b128.csv
envA,cuda,resnet50,128,12,5450.89,23.48,1763157375.7316868,RTX 4080,A,resnet50_b128.csv
envA,cuda,resnet50,128,13,5679.11,22.54,1763157381.4110374,RTX 4080,A,resnet50_b128.csv
envA,cuda,resnet50,128,14,4812.68,26.6,1763157386.223993,RTX 4080,A,resnet50_b128.csv
envA,cuda,resnet50,128,15,4972.23,25.74,1763157391.1964805,RTX 4080,A,resnet50_b128.csv
envA,cuda,resnet50,128,16,4856.62,26.36,1763157396.0532744,RTX 4080,A,resnet50_b128.csv
envA,cuda,resnet50,128,17,5042.37,25.38,1763157401.095831,RTX 4080,A,resnet50_b128.csv
envA,cuda,resnet50,128,18,4812.15,26.6,1763157405.908362,RTX 4080,A,resnet50_b128.csv
envA,cuda,resnet50,128,19,5103.14,25.08,1763157411.011716,RTX 4080,A,resnet50_b128.csv
envA,cuda,resnet50,128,20,5101.77,25.09,1763157416.113722,RTX 4080,A,resnet50_b128.csv
envA,cuda,resnet50,128,21,1531.23,83.59,1763157423.4323976,RTX 4080,A,resnet50_b128.csv
envA,cuda,resnet50,128,22,7201.06,17.78,1763157430.6337118,RTX 4080,A,resnet50_b128.csv
envA,cuda,resnet50,128,23,7523.11,17.01,1763157438.15707,RTX 4080,A,resnet50_b128.csv
envA,cuda,resnet50,128,24,6319.21,20.26,1763157444.4765203,RTX 4080,A,resnet50_b128.csv
envA,cuda,resnet50,128,25,5156.51,24.82,1763157449.633196,RTX 4080,A,resnet50_b128.csv
envA,cuda,resnet50,128,26,5633.57,22.72,1763157455.2670577,RTX 4080,A,resnet50_b128.csv
envA,cuda,resnet50,128,27,5758.48,22.23,1763157461.025835,RTX 4080,A,resnet50_b128.csv
envA,cuda,resnet50,128,28,4950.87,25.85,1763157465.9769187,RTX 4080,A,resnet50_b128.csv
envA,cuda,resnet50,128,29,4460.41,28.7,1763157470.437605,RTX 4080,A,resnet50_b128.csv
envA,cuda,resnet50,128,30,7135.1,17.94,1763157477.5729215,RTX 4080,A,resnet50_b128.csv
envA,cuda,resnet50,128,31,6133.2,20.87,1763157489.6525898,RTX 4080,A,resnet50_b128.csv
envA,cuda,resnet50,128,32,2667.98,47.98,1763157492.321046,RTX 4080,A,resnet50_b128.csv
envA,cuda,resnet50,128,33,7337.94,17.44,1763157499.6592672,RTX 4080,A,resnet50_b128.csv
envA,cuda,resnet50,128,34,7656.82,16.72,1763157507.31644,RTX 4080,A,resnet50_b128.csv
envA,cuda,resnet50,128,35,8561.24,14.95,1763157515.8780162,RTX 4080,A,resnet50_b128.csv
envA,cuda,resnet50,128,36,7882.49,16.24,1763157523.760846,RTX 4080,A,resnet50_b128.csv
envA,cuda,resnet50,128,37,7521.19,17.02,1763157531.2825267,RTX 4080,A,resnet50_b128.csv
envA,cuda,resnet50,128,38,7627.59,16.78,1763157538.9102857,RTX 4080,A,resnet50_b128.csv
envA,cuda,resnet50,32,0,105.64,302.92,1763159536.507706,RTX 4080,A,resnet50_b32.csv
envA,cuda,resnet50,32,1,45.92,696.8,1763159536.6156776,RTX 4080,A,resnet50_b32.csv
envA,cuda,resnet50,32,2,99.77,320.75,1763159536.7157173,RTX 4080,A,resnet50_b32.csv
envA,cuda,resnet50,32,3,96.55,331.44,1763159536.8124857,RTX 4080,A,resnet50_b32.csv
envA,cuda,resnet50,32,4,97.5,328.2,1763159536.9102366,RTX 4080,A,resnet50_b32.csv
envA,cuda,resnet50,32,5,96.47,331.7,1763159537.0069444,RTX 4080,A,resnet50_b32.csv
envA,cuda,resnet50,32,6,99.4,321.95,1763159537.1065717,RTX 4080,A,resnet50_b32.csv
envA,cuda,resnet50,32,7,103.61,308.84,1763159537.211721,RTX 4080,A,resnet50_b32.csv
envA,cuda,resnet50,32,8,105.6,303.03,1763159537.3175435,RTX 4080,A,resnet50_b32.csv
envA,cuda,resnet50,32,9,106.79,299.65,1763159537.4245734,RTX 4080,A,resnet50_b32.csv
envA,cuda,resnet50,32,10,105.61,302.99,1763159537.530425,RTX 4080,A,resnet50_b32.csv
envA,cuda,resnet50,32,11,45.31,706.22,1763159537.6359422,RTX 4080,A,resnet50_b32.csv
envA,cuda,resnet50,32,12,104.79,305.37,1763159537.7410078,RTX 4080,A,resnet50_b32.csv
envA,cuda,resnet50,32,13,97.22,329.15,1763159537.838529,RTX 4080,A,resnet50_b32.csv
envA,cuda,resnet50,32,14,93.57,341.99,1763159537.9326425,RTX 4080,A,resnet50_b32.csv
envA,cuda,resnet50,32,15,98.67,324.32,1763159538.0315511,RTX 4080,A,resnet50_b32.csv
envA,cuda,resnet50,32,16,95.76,334.15,1763159538.1276083,RTX 4080,A,resnet50_b32.csv
envA,cuda,resnet50,32,17,103.13,310.29,1763159538.2310688,RTX 4080,A,resnet50_b32.csv
envA,cuda,resnet50,32,18,108.04,296.18,1763159538.3392758,RTX 4080,A,resnet50_b32.csv
envA,cuda,resnet50,32,19,107.26,298.33,1763159538.4469728,RTX 4080,A,resnet50_b32.csv
envA,cuda,resnet50,32,20,101.22,316.14,1763159538.5483477,RTX 4080,A,resnet50_b32.csv
envA,cuda,resnet50,32,21,42.97,744.68,1763159538.652399,RTX 4080,A,resnet50_b32.csv
envA,cuda,resnet50,32,22,104.34,306.68,1763159538.7568924,RTX 4080,A,resnet50_b32.csv
envA,cuda,resnet50,32,23,99.78,320.71,1763159538.8569143,RTX 4080,A,resnet50_b32.csv
envA,cuda,resnet50,32,24,92.38,346.4,1763159538.949715,RTX 4080,A,resnet50_b32.csv
envA,cuda,resnet50,32,25,97.02,329.83,1763159539.0468855,RTX 4080,A,resnet50_b32.csv
envA,cuda,resnet50,32,26,97.47,328.32,1763159539.1445637,RTX 4080,A,resnet50_b32.csv
envA,cuda,resnet50,32,27,102.56,312.02,1763159539.247361,RTX 4080,A,resnet50_b32.csv
envA,cuda,resnet50,32,28,103.57,308.96,1763159539.3512192,RTX 4080,A,resnet50_b32.csv
envA,cuda,resnet50,32,29,104.63,305.83,1763159539.4560883,RTX 4080,A,resnet50_b32.csv
envA,cuda,resnet50,32,30,106.86,299.46,1763159539.5631375,RTX 4080,A,resnet50_b32.csv
envA,cuda,resnet50,32,31,43.11,742.27,1763159539.6679585,RTX 4080,A,resnet50_b32.csv
envA,cuda,resnet50,32,32,100.26,319.17,1763159539.7684147,RTX 4080,A,resnet50_b32.csv
envA,cuda,resnet50,32,33,96.97,329.98,1763159539.86559,RTX 4080,A,resnet50_b32.csv
envA,cuda,resnet50,32,34,96.02,333.26,1763159539.961798,RTX 4080,A,resnet50_b32.csv
envA,cuda,resnet50,32,35,96.77,330.67,1763159540.05885,RTX 4080,A,resnet50_b32.csv
envA,cuda,resnet50,32,36,97.0,329.9,1763159540.1559885,RTX 4080,A,resnet50_b32.csv
envA,cuda,resnet50,32,37,105.02,304.72,1763159540.2612193,RTX 4080,A,resnet50_b32.csv
envA,cuda,resnet50,32,38,105.95,302.03,1763159540.36751,RTX 4080,A,resnet50_b32.csv
envA,cuda,resnet50,32,39,103.02,310.61,1763159540.470801,RTX 4080,A,resnet50_b32.csv
envA,cuda,resnet50,32,40,108.29,295.5,1763159540.5793717,RTX 4080,A,resnet50_b32.csv
envA,cuda,resnet50,32,41,43.0,744.23,1763159540.6843593,RTX 4080,A,resnet50_b32.csv
envA,cuda,resnet50,32,42,101.21,316.16,1763159540.7857578,RTX 4080,A,resnet50_b32.csv
envA,cuda,resnet50,32,43,96.67,331.03,1763159540.8826056,RTX 4080,A,resnet50_b32.csv
envA,cuda,resnet50,32,44,96.19,332.68,1763159540.979025,RTX 4080,A,resnet50_b32.csv
envA,cuda,resnet50,32,45,96.7,330.91,1763159541.0758965,RTX 4080,A,resnet50_b32.csv
envA,cuda,resnet50,32,46,97.32,328.83,1763159541.1734166,RTX 4080,A,resnet50_b32.csv
envA,cuda,resnet50,32,47,104.31,306.78,1763159541.278034,RTX 4080,A,resnet50_b32.csv
envA,cuda,resnet50,32,48,104.24,307.0,1763159541.382429,RTX 4080,A,resnet50_b32.csv
envA,cuda,resnet50,32,49,105.65,302.89,1763159541.488527,RTX 4080,A,resnet50_b32.csv
envA,cuda,resnet50,32,50,106.57,300.29,1763159541.595306,RTX 4080,A,resnet50_b32.csv
envA,cuda,resnet50,32,51,43.63,733.39,1763159541.7013056,RTX 4080,A,resnet50_b32.csv
envA,cuda,resnet50,32,52,102.66,311.71,1763159541.8041885,RTX 4080,A,resnet50_b32.csv
envA,cuda,resnet50,32,53,99.25,322.42,1763159541.9036355,RTX 4080,A,resnet50_b32.csv
envA,cuda,resnet50,32,54,94.16,339.85,1763159541.99798,RTX 4080,A,resnet50_b32.csv
envA,cuda,resnet50,32,55,96.64,331.11,1763159542.0948224,RTX 4080,A,resnet50_b32.csv
envA,cuda,resnet50,32,56,98.98,323.29,1763159542.194052,RTX 4080,A,resnet50_b32.csv
envA,cuda,resnet50,32,57,104.93,304.96,1763159542.2993672,RTX 4080,A,resnet50_b32.csv
envA,cuda,resnet50,32,58,104.47,306.3,1763159542.4043806,RTX 4080,A,resnet50_b32.csv
envA,cuda,resnet50,32,59,104.82,305.3,1763159542.5093918,RTX 4080,A,resnet50_b32.csv
envA,cuda,resnet50,32,60,105.91,302.13,1763159542.615456,RTX 4080,A,resnet50_b32.csv
envA,cuda,resnet50,32,61,42.52,752.61,1763159542.7213306,RTX 4080,A,resnet50_b32.csv
envA,cuda,resnet50,32,62,103.24,309.97,1763159542.8247633,RTX 4080,A,resnet50_b32.csv
envA,cuda,resnet50,32,63,95.46,335.22,1763159542.9204595,RTX 4080,A,resnet50_b32.csv
envA,cuda,resnet50,32,64,97.05,329.72,1763159543.017799,RTX 4080,A,resnet50_b32.csv
envA,cuda,resnet50,32,65,96.6,331.28,1763159543.1145349,RTX 4080,A,resnet50_b32.csv
envA,cuda,resnet50,32,66,97.01,329.86,1763159543.2117438,RTX 4080,A,resnet50_b32.csv
envA,cuda,resnet50,32,67,104.48,306.27,1763159543.3164947,RTX 4080,A,resnet50_b32.csv
envA,cuda,resnet50,32,68,104.4,306.51,1763159543.4210372,RTX 4080,A,resnet50_b32.csv
envA,cuda,resnet50,32,69,105.86,302.3,1763159543.5271645,RTX 4080,A,resnet50_b32.csv
envA,cuda,resnet50,32,70,105.57,303.12,1763159543.6329513,RTX 4080,A,resnet50_b32.csv
envA,cuda,resnet50,32,71,41.89,763.89,1763159543.7361417,RTX 4080,A,resnet50_b32.csv
envA,cuda,resnet50,32,72,102.13,313.32,1763159543.8385572,RTX 4080,A,resnet50_b32.csv
envA,cuda,resnet50,32,73,96.18,332.72,1763159543.9350047,RTX 4080,A,resnet50_b32.csv
envA,cuda,resnet50,32,74,96.74,330.78,1763159544.0319688,RTX 4080,A,resnet50_b32.csv
envA,cuda,resnet50,32,75,96.83,330.47,1763159544.1290162,RTX 4080,A,resnet50_b32.csv
envA,cuda,resnet50,32,76,96.59,331.3,1763159544.2258654,RTX 4080,A,resnet50_b32.csv
envA,cuda,resnet50,32,77,105.25,304.04,1763159544.3314643,RTX 4080,A,resnet50_b32.csv
envA,cuda,resnet50,32,78,103.71,308.55,1763159544.4355826,RTX 4080,A,resnet50_b32.csv
envA,cuda,resnet50,32,79,104.08,307.44,1763159544.5398695,RTX 4080,A,resnet50_b32.csv
envA,cuda,resnet50,32,80,104.54,306.11,1763159544.6447656,RTX 4080,A,resnet50_b32.csv
envA,cuda,resnet50,32,81,43.67,732.74,1763159544.7518268,RTX 4080,A,resnet50_b32.csv
envA,cuda,resnet50,32,82,101.32,315.84,1763159544.8535092,RTX 4080,A,resnet50_b32.csv
envA,cuda,resnet50,32,83,96.3,332.31,1763159544.9499402,RTX 4080,A,resnet50_b32.csv
envA,cuda,resnet50,32,84,97.64,327.73,1763159545.047779,RTX 4080,A,resnet50_b32.csv
envA,cuda,resnet50,32,85,95.57,334.84,1763159545.1436243,RTX 4080,A,resnet50_b32.csv
envA,cuda,resnet50,32,86,97.64,327.74,1763159545.2415285,RTX 4080,A,resnet50_b32.csv
envA,cuda,resnet50,32,87,103.77,308.37,1763159545.3456097,RTX 4080,A,resnet50_b32.csv
envA,cuda,resnet50,32,88,105.72,302.69,1763159545.4516575,RTX 4080,A,resnet50_b32.csv
envA,cuda,resnet50,32,89,106.26,301.15,1763159545.5581312,RTX 4080,A,resnet50_b32.csv
envA,cuda,resnet50,32,90,104.68,305.7,1763159545.6630623,RTX 4080,A,resnet50_b32.csv
envA,cuda,resnet50,32,91,45.38,705.15,1763159545.77175,RTX 4080,A,resnet50_b32.csv
envA,cuda,resnet50,32,92,99.62,321.23,1763159545.87159,RTX 4080,A,resnet50_b32.csv
envA,cuda,resnet50,32,93,96.55,331.44,1763159545.96833,RTX 4080,A,resnet50_b32.csv
envA,cuda,resnet50,32,94,96.75,330.76,1763159546.065223,RTX 4080,A,resnet50_b32.csv
envA,cuda,resnet50,32,95,96.38,332.03,1763159546.161826,RTX 4080,A,resnet50_b32.csv
envA,cuda,resnet50,32,96,97.15,329.37,1763159546.2592535,RTX 4080,A,resnet50_b32.csv
envA,cuda,resnet50,32,97,106.0,301.87,1763159546.3656676,RTX 4080,A,resnet50_b32.csv
envA,cuda,resnet50,32,98,104.96,304.87,1763159546.4711664,RTX 4080,A,resnet50_b32.csv
envA,cuda,resnet50,32,99,105.31,303.86,1763159546.5767434,RTX 4080,A,resnet50_b32.csv
envA,cuda,resnet50,64,0,199.29,321.14,1763159639.981783,RTX 4080,A,resnet50_b64.csv
envA,cuda,resnet50,64,1,81.29,787.34,1763159640.1866202,RTX 4080,A,resnet50_b64.csv
envA,cuda,resnet50,64,2,199.58,320.67,1763159640.3864317,RTX 4080,A,resnet50_b64.csv
envA,cuda,resnet50,64,3,200.61,319.03,1763159640.587268,RTX 4080,A,resnet50_b64.csv
envA,cuda,resnet50,64,4,200.69,318.91,1763159640.788151,RTX 4080,A,resnet50_b64.csv
envA,cuda,resnet50,64,5,199.92,320.13,1763159640.988304,RTX 4080,A,resnet50_b64.csv
envA,cuda,resnet50,64,6,200.23,319.62,1763159641.188738,RTX 4080,A,resnet50_b64.csv
envA,cuda,resnet50,64,7,200.21,319.66,1763159641.3891785,RTX 4080,A,resnet50_b64.csv
envA,cuda,resnet50,64,8,199.73,320.44,1763159641.5892084,RTX 4080,A,resnet50_b64.csv
envA,cuda,resnet50,64,9,200.66,318.95,1763159641.7900715,RTX 4080,A,resnet50_b64.csv
envA,cuda,resnet50,64,10,200.24,319.62,1763159641.9905512,RTX 4080,A,resnet50_b64.csv
envA,cuda,resnet50,64,11,80.57,794.35,1763159642.194615,RTX 4080,A,resnet50_b64.csv
envA,cuda,resnet50,64,12,200.58,319.07,1763159642.3954566,RTX 4080,A,resnet50_b64.csv
envA,cuda,resnet50,64,13,200.5,319.2,1763159642.5960927,RTX 4080,A,resnet50_b64.csv
envA,cuda,resnet50,64,14,200.62,319.02,1763159642.796903,RTX 4080,A,resnet50_b64.csv
envA,cuda,resnet50,64,15,199.94,320.1,1763159642.9970236,RTX 4080,A,resnet50_b64.csv
envA,cuda,resnet50,64,16,200.35,319.43,1763159643.1975875,RTX 4080,A,resnet50_b64.csv
envA,cuda,resnet50,64,17,199.96,320.06,1763159643.397761,RTX 4080,A,resnet50_b64.csv
envA,cuda,resnet50,64,18,200.06,319.9,1763159643.5980325,RTX 4080,A,resnet50_b64.csv
envA,cuda,resnet50,64,19,200.87,318.62,1763159643.7991047,RTX 4080,A,resnet50_b64.csv
envA,cuda,resnet50,64,20,199.71,320.46,1763159643.999035,RTX 4080,A,resnet50_b64.csv
envA,cuda,resnet50,64,21,80.42,795.79,1763159644.2029524,RTX 4080,A,resnet50_b64.csv
envA,cuda,resnet50,64,22,200.11,319.83,1763159644.4032795,RTX 4080,A,resnet50_b64.csv
envA,cuda,resnet50,64,23,203.42,314.61,1763159644.6068506,RTX 4080,A,resnet50_b64.csv
envA,cuda,resnet50,64,24,198.18,322.93,1763159644.805252,RTX 4080,A,resnet50_b64.csv
envA,cuda,resnet50,64,25,201.5,317.61,1763159645.0069966,RTX 4080,A,resnet50_b64.csv
envA,cuda,resnet50,64,26,199.58,320.67,1763159645.2069266,RTX 4080,A,resnet50_b64.csv
envA,cuda,resnet50,64,27,201.81,317.13,1763159645.40894,RTX 4080,A,resnet50_b64.csv
envA,cuda,resnet50,64,28,200.36,319.42,1763159645.6095226,RTX 4080,A,resnet50_b64.csv
envA,cuda,resnet50,64,29,200.75,318.81,1763159645.8104205,RTX 4080,A,resnet50_b64.csv
envA,cuda,resnet50,64,30,200.88,318.6,1763159646.01152,RTX 4080,A,resnet50_b64.csv
envA,cuda,resnet50,64,31,81.72,783.18,1763159646.216228,RTX 4080,A,resnet50_b64.csv
envA,cuda,resnet50,64,32,200.32,319.49,1763159646.4167602,RTX 4080,A,resnet50_b64.csv
envA,cuda,resnet50,64,33,201.05,318.32,1763159646.6180203,RTX 4080,A,resnet50_b64.csv
envA,cuda,resnet50,64,34,200.09,319.85,1763159646.818322,RTX 4080,A,resnet50_b64.csv
envA,cuda,resnet50,64,35,200.64,318.98,1763159647.0191686,RTX 4080,A,resnet50_b64.csv
envA,cuda,resnet50,64,36,199.95,320.09,1763159647.219359,RTX 4080,A,resnet50_b64.csv
envA,cuda,resnet50,64,37,200.44,319.3,1763159647.4201152,RTX 4080,A,resnet50_b64.csv
envA,cuda,resnet50,64,38,200.2,319.69,1763159647.62064,RTX 4080,A,resnet50_b64.csv
envA,cuda,resnet50,64,39,200.3,319.52,1763159647.8213673,RTX 4080,A,resnet50_b64.csv
envA,cuda,resnet50,64,40,200.18,319.71,1763159648.021767,RTX 4080,A,resnet50_b64.csv
envA,cuda,resnet50,64,41,80.54,794.67,1763159648.226283,RTX 4080,A,resnet50_b64.csv
envA,cuda,resnet50,64,42,200.01,319.99,1763159648.4264927,RTX 4080,A,resnet50_b64.csv
envA,cuda,resnet50,64,43,200.45,319.27,1763159648.6271834,RTX 4080,A,resnet50_b64.csv
envA,cuda,resnet50,64,44,200.44,319.3,1763159648.827823,RTX 4080,A,resnet50_b64.csv
envA,cuda,resnet50,64,45,201.5,317.62,1763159649.0295231,RTX 4080,A,resnet50_b64.csv
envA,cuda,resnet50,64,46,200.06,319.91,1763159649.229772,RTX 4080,A,resnet50_b64.csv
envA,cuda,resnet50,64,47,201.15,318.17,1763159649.431134,RTX 4080,A,resnet50_b64.csv
envA,cuda,resnet50,64,48,200.99,318.43,1763159649.6323233,RTX 4080,A,resnet50_b64.csv
envA,cuda,resnet50,64,49,200.46,319.27,1763159649.8329864,RTX 4080,A,resnet50_b64.csv
envA,cuda,resnet50,64,50,201.34,317.88,1763159650.0345235,RTX 4080,A,resnet50_b64.csv
envA,cuda,resnet50,64,51,80.36,796.42,1763159650.239217,RTX 4080,A,resnet50_b64.csv
envA,cuda,resnet50,64,52,202.49,316.06,1763159650.4419055,RTX 4080,A,resnet50_b64.csv
envA,cuda,resnet50,64,53,200.84,318.66,1763159650.6429636,RTX 4080,A,resnet50_b64.csv
envA,cuda,resnet50,64,54,200.15,319.76,1763159650.843366,RTX 4080,A,resnet50_b64.csv
envA,cuda,resnet50,64,55,201.23,318.05,1763159651.0447986,RTX 4080,A,resnet50_b64.csv
envA,cuda,resnet50,64,56,200.52,319.17,1763159651.2456818,RTX 4080,A,resnet50_b64.csv
envA,cuda,resnet50,64,57,200.69,318.9,1763159651.446586,RTX 4080,A,resnet50_b64.csv
envA,cuda,resnet50,64,58,201.04,318.34,1763159651.647846,RTX 4080,A,resnet50_b64.csv
envA,cuda,resnet50,64,59,200.25,319.6,1763159651.848318,RTX 4080,A,resnet50_b64.csv
envA,cuda,resnet50,64,60,201.39,317.78,1763159652.049947,RTX 4080,A,resnet50_b64.csv
envA,cuda,resnet50,64,61,82.23,778.28,1763159652.255528,RTX 4080,A,resnet50_b64.csv
envA,cuda,resnet50,64,62,198.31,322.73,1763159652.454013,RTX 4080,A,resnet50_b64.csv
envA,cuda,resnet50,64,63,201.28,317.96,1763159652.655507,RTX 4080,A,resnet50_b64.csv
envA,cuda,resnet50,64,64,199.48,320.84,1763159652.8552177,RTX 4080,A,resnet50_b64.csv
envA,cuda,resnet50,64,65,200.59,319.05,1763159653.0560715,RTX 4080,A,resnet50_b64.csv
envA,cuda,resnet50,64,66,200.19,319.7,1763159653.2564704,RTX 4080,A,resnet50_b64.csv
envA,cuda,resnet50,64,67,200.08,319.87,1763159653.4567862,RTX 4080,A,resnet50_b64.csv
envA,cuda,resnet50,64,68,200.21,319.66,1763159653.6572492,RTX 4080,A,resnet50_b64.csv
envA,cuda,resnet50,64,69,199.98,320.03,1763159653.8574314,RTX 4080,A,resnet50_b64.csv
envA,cuda,resnet50,64,70,201.69,317.32,1763159654.0593252,RTX 4080,A,resnet50_b64.csv
envA,cuda,resnet50,64,71,80.41,795.94,1763159654.262637,RTX 4080,A,resnet50_b64.csv
envA,cuda,resnet50,64,72,201.29,317.94,1763159654.4641345,RTX 4080,A,resnet50_b64.csv
envA,cuda,resnet50,64,73,200.28,319.55,1763159654.664564,RTX 4080,A,resnet50_b64.csv
envA,cuda,resnet50,64,74,199.97,320.06,1763159654.8647463,RTX 4080,A,resnet50_b64.csv
envA,cuda,resnet50,64,75,200.56,319.1,1763159655.0655146,RTX 4080,A,resnet50_b64.csv
envA,cuda,resnet50,64,76,200.3,319.52,1763159655.266014,RTX 4080,A,resnet50_b64.csv
envA,cuda,resnet50,64,77,200.21,319.67,1763159655.4664245,RTX 4080,A,resnet50_b64.csv
envA,cuda,resnet50,64,78,200.26,319.58,1763159655.6669009,RTX 4080,A,resnet50_b64.csv
envA,cuda,resnet50,64,79,200.05,319.92,1763159655.8671677,RTX 4080,A,resnet50_b64.csv
envA,cuda,resnet50,64,80,200.55,319.12,1763159656.0679345,RTX 4080,A,resnet50_b64.csv
envA,cuda,resnet50,64,81,80.49,795.17,1763159656.272057,RTX 4080,A,resnet50_b64.csv
envA,cuda,resnet50,64,82,200.41,319.35,1763159656.4726758,RTX 4080,A,resnet50_b64.csv
envA,cuda,resnet50,64,83,200.49,319.21,1763159656.6734223,RTX 4080,A,resnet50_b64.csv
envA,cuda,resnet50,64,84,200.74,318.83,1763159656.8744276,RTX 4080,A,resnet50_b64.csv
envA,cuda,resnet50,64,85,199.87,320.21,1763159657.0745194,RTX 4080,A,resnet50_b64.csv
envA,cuda,resnet50,64,86,203.15,315.03,1763159657.2778475,RTX 4080,A,resnet50_b64.csv
envA,cuda,resnet50,64,87,197.98,323.26,1763159657.4760494,RTX 4080,A,resnet50_b64.csv
envA,cuda,resnet50,64,88,200.12,319.81,1763159657.6763706,RTX 4080,A,resnet50_b64.csv
envA,cuda,resnet50,64,89,200.49,319.21,1763159657.8771589,RTX 4080,A,resnet50_b64.csv
envA,cuda,resnet50,64,90,200.98,318.44,1763159658.078353,RTX 4080,A,resnet50_b64.csv
envA,cuda,resnet50,64,91,80.14,798.6,1763159658.282621,RTX 4080,A,resnet50_b64.csv
envA,cuda,resnet50,64,92,202.04,316.77,1763159658.485279,RTX 4080,A,resnet50_b64.csv
envA,cuda,resnet50,64,93,200.02,319.97,1763159658.6855402,RTX 4080,A,resnet50_b64.csv
envA,cuda,resnet50,64,94,201.14,318.19,1763159658.8868926,RTX 4080,A,resnet50_b64.csv
envA,cuda,resnet50,64,95,201.05,318.34,1763159659.0881383,RTX 4080,A,resnet50_b64.csv
envA,cuda,resnet50,64,96,201.22,318.06,1763159659.289558,RTX 4080,A,resnet50_b64.csv
envA,cuda,resnet50,64,97,201.02,318.38,1763159659.4907532,RTX 4080,A,resnet50_b64.csv
envA,cuda,resnet50,64,98,201.01,318.39,1763159659.6919785,RTX 4080,A,resnet50_b64.csv
envA,cuda,resnet50,64,99,200.55,319.13,1763159659.892877,RTX 4080,A,resnet50_b64.csv
envA,cuda,resnet18,64,0,6520.06,9.82,1763161653.6751437,CPU,B,resnet18_b64.csv
envA,cuda,resnet18,64,1,6835.15,9.36,1763161660.5108042,CPU,B,resnet18_b64.csv
envA,cuda,resnet18,64,2,6309.34,10.14,1763161666.820251,CPU,B,resnet18_b64.csv
envA,cuda,resnet18,64,3,6562.83,9.75,1763161673.3832002,CPU,B,resnet18_b64.csv
envA,cuda,resnet18,64,4,6187.63,10.34,1763161679.570968,CPU,B,resnet18_b64.csv
envA,cuda,resnet18,64,5,6237.99,10.26,1763161685.809141,CPU,B,resnet18_b64.csv
envA,cuda,resnet18,64,6,6332.6,10.11,1763161692.141857,CPU,B,resnet18_b64.csv
envA,cuda,resnet18,64,7,6093.59,10.5,1763161698.2356591,CPU,B,resnet18_b64.csv
envA,cuda,resnet18,64,8,5953.9,10.75,1763161704.1897738,CPU,B,resnet18_b64.csv
envA,cuda,resnet18,64,9,6432.7,9.95,1763161710.62259,CPU,B,resnet18_b64.csv
envA,cuda,resnet18,64,10,6432.56,9.95,1763161717.0553482,CPU,B,resnet18_b64.csv
envA,cuda,resnet18,64,11,6333.76,10.1,1763161723.3895855,CPU,B,resnet18_b64.csv
envA,cuda,resnet18,64,12,6351.89,10.08,1763161729.7417014,CPU,B,resnet18_b64.csv
envA,cuda,resnet18,64,13,6393.48,10.01,1763161736.1353953,CPU,B,resnet18_b64.csv
envA,cuda,resnet18,64,14,6556.66,9.76,1763161742.692239,CPU,B,resnet18_b64.csv
envA,cuda,resnet18,64,15,6644.65,9.63,1763161749.3370757,CPU,B,resnet18_b64.csv
envA,cuda,resnet18,64,16,6420.37,9.97,1763161755.7575462,CPU,B,resnet18_b64.csv
envA,cuda,resnet18,64,17,6472.29,9.89,1763161762.2301466,CPU,B,resnet18_b64.csv
envA,cuda,resnet18,64,18,6437.28,9.94,1763161768.667658,CPU,B,resnet18_b64.csv
envA,cuda,resnet18,64,19,6364.48,10.06,1763161775.0323331,CPU,B,resnet18_b64.csv
envA,cuda,resnet18,64,20,6427.84,9.96,1763161781.4602866,CPU,B,resnet18_b64.csv
envA,cuda,resnet18,64,21,6467.63,9.9,1763161787.928316,CPU,B,resnet18_b64.csv
envA,cuda,resnet18,64,22,6382.08,10.03,1763161794.3105173,CPU,B,resnet18_b64.csv
envA,cuda,resnet18,64,23,6268.0,10.21,1763161800.578766,CPU,B,resnet18_b64.csv
envA,cuda,resnet18,64,24,6497.56,9.85,1763161807.0764377,CPU,B,resnet18_b64.csv
envA,cuda,resnet18,64,25,6274.49,10.2,1763161813.3511028,CPU,B,resnet18_b64.csv
envA,cuda,resnet18,64,26,6357.54,10.07,1763161819.7088263,CPU,B,resnet18_b64.csv
envA,cuda,resnet18,64,27,6262.81,10.22,1763161825.9718158,CPU,B,resnet18_b64.csv
envA,cuda,resnet18,64,28,6380.57,10.03,1763161832.3524938,CPU,B,resnet18_b64.csv
envA,cuda,resnet18,64,29,6414.85,9.98,1763161838.7674465,CPU,B,resnet18_b64.csv
envA,cuda,resnet18,64,30,6338.38,10.1,1763161845.105934,CPU,B,resnet18_b64.csv
envA,cuda,resnet18,64,31,6421.67,9.97,1763161851.5279813,CPU,B,resnet18_b64.csv
envA,cuda,resnet18,64,32,5950.84,10.75,1763161857.479009,CPU,B,resnet18_b64.csv
envA,cuda,resnet18,64,33,6036.67,10.6,1763161863.5157883,CPU,B,resnet18_b64.csv
envA,cuda,resnet18,64,34,6010.73,10.65,1763161869.5268075,CPU,B,resnet18_b64.csv
envA,cuda,resnet18,64,35,5919.21,10.81,1763161875.446133,CPU,B,resnet18_b64.csv
envA,cuda,resnet18,64,36,6000.9,10.67,1763161881.4471462,CPU,B,resnet18_b64.csv
envA,cuda,resnet18,64,37,5989.25,10.69,1763161887.4365077,CPU,B,resnet18_b64.csv
envA,cuda,resnet18,64,38,5871.94,10.9,1763161893.308554,CPU,B,resnet18_b64.csv
envA,cuda,resnet18,64,39,5902.52,10.84,1763161899.2111862,CPU,B,resnet18_b64.csv
envA,cuda,resnet18,64,40,5908.65,10.83,1763161905.1199434,CPU,B,resnet18_b64.csv
envA,cuda,resnet18,64,41,5900.86,10.85,1763161911.02131,CPU,B,resnet18_b64.csv
envA,cuda,resnet18,64,42,5946.33,10.76,1763161916.967819,CPU,B,resnet18_b64.csv
envA,cuda,resnet18,64,43,5851.55,10.94,1763161922.819474,CPU,B,resnet18_b64.csv
envA,cuda,resnet18,64,44,5765.44,11.1,1763161928.585145,CPU,B,resnet18_b64.csv
envA,cuda,resnet18,64,45,5767.08,11.1,1763161934.3524146,CPU,B,resnet18_b64.csv
envA,cuda,resnet18,64,46,5771.12,11.09,1763161940.1236403,CPU,B,resnet18_b64.csv
envA,cuda,resnet18,64,47,5778.34,11.08,1763161945.9020977,CPU,B,resnet18_b64.csv
envA,cuda,resnet18,64,48,5853.39,10.93,1763161951.755612,CPU,B,resnet18_b64.csv
envA,cuda,resnet18,64,49,5812.83,11.01,1763161957.568549,CPU,B,resnet18_b64.csv
envA,cuda,mobilenet_v2,128,0,473.65,270.24,1763167893.4060912,T4 GPU,C,mobilenetv2_b128.csv
envA,cuda,mobilenet_v2,128,1,206.98,618.42,1763167893.8332856,T4 GPU,C,mobilenetv2_b128.csv
envA,cuda,mobilenet_v2,128,2,466.25,274.53,1763167894.3041182,T4 GPU,C,mobilenetv2_b128.csv
envA,cuda,mobilenet_v2,128,3,477.76,267.92,1763167894.7844298,T4 GPU,C,mobilenetv2_b128.csv
envA,cuda,mobilenet_v2,128,4,450.66,284.03,1763167895.2355106,T4 GPU,C,mobilenetv2_b128.csv
envA,cuda,mobilenet_v2,128,5,512.72,249.65,1763167895.7485597,T4 GPU,C,mobilenetv2_b128.csv
envA,cuda,mobilenet_v2,128,6,489.6,261.44,1763167896.2404437,T4 GPU,C,mobilenetv2_b128.csv
envA,cuda,mobilenet_v2,128,7,429.02,298.36,1763167896.669931,T4 GPU,C,mobilenetv2_b128.csv
envA,cuda,mobilenet_v2,128,8,445.17,287.53,1763167897.1183722,T4 GPU,C,mobilenetv2_b128.csv
envA,cuda,mobilenet_v2,128,9,486.84,262.92,1763167897.6065254,T4 GPU,C,mobilenetv2_b128.csv
envA,cuda,mobilenet_v2,128,10,464.77,275.4,1763167898.073458,T4 GPU,C,mobilenetv2_b128.csv
envA,cuda,mobilenet_v2,128,11,214.4,597.03,1763167898.54542,T4 GPU,C,mobilenetv2_b128.csv
envA,cuda,mobilenet_v2,128,12,477.46,268.08,1763167899.0233269,T4 GPU,C,mobilenetv2_b128.csv
envA,cuda,mobilenet_v2,128,13,466.28,274.51,1763167899.490957,T4 GPU,C,mobilenetv2_b128.csv
envA,cuda,mobilenet_v2,128,14,489.08,261.71,1763167899.9827576,T4 GPU,C,mobilenetv2_b128.csv
envA,cuda,mobilenet_v2,128,15,456.79,280.22,1763167900.444483,T4 GPU,C,mobilenetv2_b128.csv
envA,cuda,mobilenet_v2,128,16,472.97,270.63,1763167900.9179063,T4 GPU,C,mobilenetv2_b128.csv
envA,cuda,mobilenet_v2,128,17,491.42,260.47,1763167901.4098468,T4 GPU,C,mobilenetv2_b128.csv
envA,cuda,mobilenet_v2,128,18,464.16,275.76,1763167901.875913,T4 GPU,C,mobilenetv2_b128.csv
envA,cuda,mobilenet_v2,128,19,468.04,273.48,1763167902.347751,T4 GPU,C,mobilenetv2_b128.csv
envA,cuda,mobilenet_v2,128,20,474.27,269.89,1763167902.8279846,T4 GPU,C,mobilenetv2_b128.csv
envA,cuda,mobilenet_v2,128,21,199.08,642.94,1763167903.3037877,T4 GPU,C,mobilenetv2_b128.csv
envA,cuda,mobilenet_v2,128,22,465.26,275.11,1763167903.7711992,T4 GPU,C,mobilenetv2_b128.csv
envA,cuda,mobilenet_v2,128,23,552.51,231.67,1763167904.324229,T4 GPU,C,mobilenetv2_b128.csv
envA,cuda,mobilenet_v2,128,24,477.5,268.06,1763167904.8052351,T4 GPU,C,mobilenetv2_b128.csv
envA,cuda,mobilenet_v2,128,25,459.35,278.65,1763167905.2648933,T4 GPU,C,mobilenetv2_b128.csv
envA,cuda,mobilenet_v2,128,26,484.72,264.07,1763167905.7594347,T4 GPU,C,mobilenetv2_b128.csv
envA,cuda,mobilenet_v2,128,27,455.91,280.76,1763167906.226149,T4 GPU,C,mobilenetv2_b128.csv
envA,cuda,mobilenet_v2,128,28,457.56,279.75,1763167906.6853974,T4 GPU,C,mobilenetv2_b128.csv
envA,cuda,mobilenet_v2,128,29,456.93,280.13,1763167907.1426537,T4 GPU,C,mobilenetv2_b128.csv
envA,cuda,mobilenet_v2,128,30,481.64,265.76,1763167907.6246865,T4 GPU,C,mobilenetv2_b128.csv
envA,cuda,mobilenet_v2,128,31,221.65,577.49,1763167908.1168704,T4 GPU,C,mobilenetv2_b128.csv
envA,cuda,mobilenet_v2,128,32,462.18,276.95,1763167908.5815034,T4 GPU,C,mobilenetv2_b128.csv
envA,cuda,mobilenet_v2,128,33,484.19,264.36,1763167909.06611,T4 GPU,C,mobilenetv2_b128.csv
envA,cuda,mobilenet_v2,128,34,479.76,266.8,1763167909.546164,T4 GPU,C,mobilenetv2_b128.csv
envA,cuda,mobilenet_v2,128,35,471.06,271.73,1763167910.0176394,T4 GPU,C,mobilenetv2_b128.csv
envA,cuda,mobilenet_v2,128,36,487.09,262.79,1763167910.5051315,T4 GPU,C,mobilenetv2_b128.csv
envA,cuda,mobilenet_v2,128,37,478.4,267.56,1763167910.9861493,T4 GPU,C,mobilenetv2_b128.csv
envA,cuda,mobilenet_v2,128,38,492.48,259.91,1763167911.4803338,T4 GPU,C,mobilenetv2_b128.csv
envA,cuda,mobilenet_v2,128,39,479.2,267.11,1763167911.95997,T4 GPU,C,mobilenetv2_b128.csv
envA,cuda,mobilenet_v2,128,40,483.58,264.69,1763167912.4439652,T4 GPU,C,mobilenetv2_b128.csv
envA,cuda,mobilenet_v2,128,41,191.0,670.16,1763167912.926041,T4 GPU,C,mobilenetv2_b128.csv
envA,cuda,mobilenet_v2,128,42,480.66,266.3,1763167913.4093466,T4 GPU,C,mobilenetv2_b128.csv
envA,cuda,mobilenet_v2,128,43,485.89,263.43,1763167913.895814,T4 GPU,C,mobilenetv2_b128.csv
envA,cuda,mobilenet_v2,128,44,464.65,275.47,1763167914.363394,T4 GPU,C,mobilenetv2_b128.csv
envA,cuda,mobilenet_v2,128,45,473.77,270.17,1763167914.839457,T4 GPU,C,mobilenetv2_b128.csv
envA,cuda,mobilenet_v2,128,46,503.46,254.24,1763167915.3434486,T4 GPU,C,mobilenetv2_b128.csv
envA,cuda,mobilenet_v2,128,47,442.66,289.16,1763167915.7893465,T4 GPU,C,mobilenetv2_b128.csv
envA,cuda,mobilenet_v2,128,48,483.56,264.71,1763167916.273356,T4 GPU,C,mobilenetv2_b128.csv
envA,cuda,mobilenet_v2,128,49,507.38,252.28,1763167916.781181,T4 GPU,C,mobilenetv2_b128.csv
envA,cuda,mobilenet_v2,128,50,495.64,258.25,1763167917.278399,T4 GPU,C,mobilenetv2_b128.csv
envA,cuda,mobilenet_v2,128,51,266.21,480.82,1763167917.8104377,T4 GPU,C,mobilenetv2_b128.csv
envA,cuda,mobilenet_v2,128,52,462.4,276.82,1763167918.2731557,T4 GPU,C,mobilenetv2_b128.csv
envA,cuda,mobilenet_v2,128,53,474.6,269.7,1763167918.7517805,T4 GPU,C,mobilenetv2_b128.csv
envA,cuda,mobilenet_v2,128,54,475.94,268.94,1763167919.230727,T4 GPU,C,mobilenetv2_b128.csv
envA,cuda,mobilenet_v2,128,55,438.06,292.2,1763167919.678442,T4 GPU,C,mobilenetv2_b128.csv
envA,cuda,mobilenet_v2,128,56,466.87,274.16,1763167920.1456776,T4 GPU,C,mobilenetv2_b128.csv
envA,cuda,mobilenet_v2,128,57,436.16,293.47,1763167920.5821495,T4 GPU,C,mobilenetv2_b128.csv
envA,cuda,mobilenet_v2,128,58,481.55,265.81,1763167921.0640204,T4 GPU,C,mobilenetv2_b128.csv
envA,cuda,mobilenet_v2,128,59,474.15,269.96,1763167921.5383692,T4 GPU,C,mobilenetv2_b128.csv
envA,cuda,mobilenet_v2,128,60,477.84,267.87,1763167922.0164273,T4 GPU,C,mobilenetv2_b128.csv
envA,cuda,mobilenet_v2,128,61,173.36,738.33,1763167922.4933865,T4 GPU,C,mobilenetv2_b128.csv
envA,cuda,mobilenet_v2,128,62,475.99,268.91,1763167922.9696202,T4 GPU,C,mobilenetv2_b128.csv
envA,cuda,mobilenet_v2,128,63,489.66,261.41,1763167923.4595091,T4 GPU,C,mobilenetv2_b128.csv
envA,cuda,resnet18,128,0,337.03,379.79,1763167560.9978151,T4 GPU,C,resnet18_b128.csv
envA,cuda,resnet18,128,1,156.15,819.7,1763167561.361967,T4 GPU,C,resnet18_b128.csv
envA,cuda,resnet18,128,2,211.7,604.62,1763167561.7146616,T4 GPU,C,resnet18_b128.csv
envA,cuda,resnet18,128,3,158.04,809.9,1763167562.3540237,T4 GPU,C,resnet18_b128.csv
envA,cuda,resnet18,128,4,143.93,889.31,1763167562.8870523,T4 GPU,C,resnet18_b128.csv
envA,cuda,resnet18,128,5,303.54,421.69,1763167563.2294154,T4 GPU,C,resnet18_b128.csv
envA,cuda,resnet18,128,6,129.33,989.72,1763167563.6061668,T4 GPU,C,resnet18_b128.csv
envA,cuda,resnet18,128,7,132.94,962.84,1763167564.0278995,T4 GPU,C,resnet18_b128.csv
envA,cuda,resnet18,128,8,128.27,997.91,1763167564.4076457,T4 GPU,C,resnet18_b128.csv
envA,cuda,resnet18,128,9,350.25,365.45,1763167564.7600672,T4 GPU,C,resnet18_b128.csv
envA,cuda,resnet18,128,10,140.6,910.35,1763167565.1246688,T4 GPU,C,resnet18_b128.csv
envA,cuda,resnet18,128,11,132.21,968.15,1763167565.566991,T4 GPU,C,resnet18_b128.csv
envA,cuda,resnet18,128,12,134.76,949.83,1763167566.0257697,T4 GPU,C,resnet18_b128.csv
envA,cuda,resnet18,128,13,342.25,373.99,1763167566.3699226,T4 GPU,C,resnet18_b128.csv
envA,cuda,resnet18,128,14,208.43,614.11,1763167566.7081664,T4 GPU,C,resnet18_b128.csv
envA,cuda,resnet18,128,15,259.56,493.15,1763167567.066728,T4 GPU,C,resnet18_b128.csv
envA,cuda,resnet18,128,16,126.22,1014.08,1763167567.589553,T4 GPU,C,resnet18_b128.csv
envA,cuda,resnet18,128,17,362.16,353.44,1763167567.953936,T4 GPU,C,resnet18_b128.csv
envA,cuda,resnet18,128,18,296.22,432.11,1763167568.2939312,T4 GPU,C,resnet18_b128.csv
envA,cuda,resnet18,128,19,185.18,691.21,1763167568.653241,T4 GPU,C,resnet18_b128.csv
envA,cuda,resnet18,128,20,128.78,993.93,1763167569.210821,T4 GPU,C,resnet18_b128.csv
envA,cuda,resnet18,128,21,139.76,915.84,1763167569.5660644,T4 GPU,C,resnet18_b128.csv
envA,cuda,resnet18,128,22,343.77,372.34,1763167569.9116764,T4 GPU,C,resnet18_b128.csv
envA,cuda,resnet18,128,23,213.59,599.27,1763167570.2707548,T4 GPU,C,resnet18_b128.csv
envA,cuda,resnet18,128,24,126.49,1011.97,1763167570.8288758,T4 GPU,C,resnet18_b128.csv
envA,cuda,resnet18,128,25,359.83,355.73,1763167571.1906974,T4 GPU,C,resnet18_b128.csv
envA,cuda,resnet18,128,26,351.61,364.04,1763167571.5428698,T4 GPU,C,resnet18_b128.csv
envA,cuda,resnet18,128,27,327.29,391.09,1763167571.8980014,T4 GPU,C,resnet18_b128.csv
envA,cuda,resnet18,128,28,137.22,932.84,1763167572.332976,T4 GPU,C,resnet18_b128.csv
envA,cuda,resnet18,128,29,340.2,376.25,1763167572.6759334,T4 GPU,C,resnet18_b128.csv
envA,cuda,resnet18,128,30,377.99,338.64,1763167573.0598016,T4 GPU,C,resnet18_b128.csv
envA,cuda,resnet18,128,31,153.12,835.93,1763167573.5221925,T4 GPU,C,resnet18_b128.csv
envA,cuda,resnet18,128,32,143.94,889.27,1763167574.4861448,T4 GPU,C,resnet18_b128.csv
envA,cuda,resnet18,128,33,338.73,377.88,1763167574.833711,T4 GPU,C,resnet18_b128.csv
envA,cuda,resnet18,128,34,157.72,811.59,1763167575.2769015,T4 GPU,C,resnet18_b128.csv
envA,cuda,resnet18,128,35,142.66,897.22,1763167575.8787584,T4 GPU,C,resnet18_b128.csv
envA,cuda,resnet18,128,36,132.01,969.59,1763167576.458056,T4 GPU,C,resnet18_b128.csv
envA,cuda,resnet18,128,37,351.05,364.62,1763167576.8138957,T4 GPU,C,resnet18_b128.csv
envA,cuda,resnet18,128,38,128.32,997.51,1763167577.1894128,T4 GPU,C,resnet18_b128.csv
envA,cuda,resnet18,128,39,360.92,354.65,1763167577.5528193,T4 GPU,C,resnet18_b128.csv
envA,cuda,resnet18,128,40,138.8,922.21,1763167577.982934,T4 GPU,C,resnet18_b128.csv
envA,cuda,resnet18,128,41,154.47,828.63,1763167578.3488488,T4 GPU,C,resnet18_b128.csv
envA,cuda,resnet18,128,42,137.27,932.49,1763167578.7363584,T4 GPU,C,resnet18_b128.csv
envA,cuda,resnet18,128,43,346.0,369.95,1763167579.0837998,T4 GPU,C,resnet18_b128.csv
envA,cuda,resnet18,128,44,235.08,544.5,1763167579.4222324,T4 GPU,C,resnet18_b128.csv
envA,cuda,resnet18,128,45,379.79,337.03,1763167579.804597,T4 GPU,C,resnet18_b128.csv
envA,cuda,resnet18,128,46,130.9,977.81,1763167580.3899615,T4 GPU,C,resnet18_b128.csv
envA,cuda,resnet18,128,47,343.79,372.32,1763167580.7457037,T4 GPU,C,resnet18_b128.csv
envA,cuda,resnet18,128,48,335.1,381.98,1763167581.0827382,T4 GPU,C,resnet18_b128.csv
envA,cuda,resnet18,128,49,370.3,345.67,1763167581.454991,T4 GPU,C,resnet18_b128.csv
envA,cuda,resnet18,128,50,139.83,915.39,1763167581.8117952,T4 GPU,C,resnet18_b128.csv
envA,cuda,resnet18,128,51,132.45,966.4,1763167582.186768,T4 GPU,C,resnet18_b128.csv
envA,cuda,resnet18,128,52,268.18,477.3,1763167582.5512474,T4 GPU,C,resnet18_b128.csv
envA,cuda,resnet18,128,53,331.65,385.95,1763167582.8843184,T4 GPU,C,resnet18_b128.csv
envA,cuda,resnet18,128,54,139.89,914.98,1763167583.3768356,T4 GPU,C,resnet18_b128.csv
envA,cuda,resnet18,128,55,126.11,1014.98,1763167583.9610128,T4 GPU,C,resnet18_b128.csv
envA,cuda,resnet18,128,56,364.22,351.43,1763167584.32545,T4 GPU,C,resnet18_b128.csv
envA,cuda,resnet18,128,57,363.19,352.43,1763167584.6910017,T4 GPU,C,resnet18_b128.csv
envA,cuda,resnet18,128,58,267.24,478.98,1763167585.045605,T4 GPU,C,resnet18_b128.csv
envA,cuda,resnet18,128,59,350.77,364.91,1763167585.3966892,T4 GPU,C,resnet18_b128.csv
envA,cuda,resnet18,128,60,350.49,365.21,1763167585.7473862,T4 GPU,C,resnet18_b128.csv
envA,cuda,resnet18,128,61,118.3,1081.96,1763167586.1006334,T4 GPU,C,resnet18_b128.csv
envA,cuda,resnet18,128,62,357.1,358.44,1763167586.457958,T4 GPU,C,resnet18_b128.csv
envA,cuda,resnet18,128,63,370.42,345.56,1763167586.8286192,T4 GPU,C,resnet18_b128.csv
envA,cuda,resnet50,128,0,1291.49,99.11,1763167780.001292,T4 GPU,C,resnet50_b128.csv
envA,cuda,resnet50,128,1,441.86,289.69,1763167781.3279607,T4 GPU,C,resnet50_b128.csv
envA,cuda,resnet50,128,2,1311.13,97.63,1763167782.63949,T4 GPU,C,resnet50_b128.csv
envA,cuda,resnet50,128,3,1325.23,96.59,1763167783.965094,T4 GPU,C,resnet50_b128.csv
envA,cuda,resnet50,128,4,1336.17,95.8,1763167785.301651,T4 GPU,C,resnet50_b128.csv
envA,cuda,resnet50,128,5,1338.26,95.65,1763167786.6403005,T4 GPU,C,resnet50_b128.csv
envA,cuda,resnet50,128,6,1343.57,95.27,1763167787.9842844,T4 GPU,C,resnet50_b128.csv
envA,cuda,resnet50,128,7,1368.42,93.54,1763167789.3531296,T4 GPU,C,resnet50_b128.csv
envA,cuda,resnet50,128,8,1359.53,94.15,1763167790.7130897,T4 GPU,C,resnet50_b128.csv
envA,cuda,resnet50,128,9,1360.85,94.06,1763167792.074223,T4 GPU,C,resnet50_b128.csv
envA,cuda,resnet50,128,10,1362.39,93.95,1763167793.436938,T4 GPU,C,resnet50_b128.csv
envA,cuda,resnet50,128,11,452.03,283.17,1763167794.8121448,T4 GPU,C,resnet50_b128.csv
envA,cuda,resnet50,128,12,1372.9,93.23,1763167796.185319,T4 GPU,C,resnet50_b128.csv
envA,cuda,resnet50,128,13,1368.35,93.54,1763167797.554093,T4 GPU,C,resnet50_b128.csv
envA,cuda,resnet50,128,14,1361.16,94.04,1763167798.9156814,T4 GPU,C,resnet50_b128.csv
envA,cuda,resnet50,128,15,1350.15,94.8,1763167800.26621,T4 GPU,C,resnet50_b128.csv
envA,cuda,resnet50,128,16,1342.16,95.37,1763167801.6087568,T4 GPU,C,resnet50_b128.csv
envA,cuda,resnet50,128,17,1340.84,95.46,1763167802.9499786,T4 GPU,C,resnet50_b128.csv
envA,cuda,resnet50,128,18,1335.55,95.84,1763167804.2858107,T4 GPU,C,resnet50_b128.csv
envA,cuda,resnet50,128,19,1329.83,96.25,1763167805.6160574,T4 GPU,C,resnet50_b128.csv
envA,cuda,resnet50,128,20,1341.54,95.41,1763167806.9579935,T4 GPU,C,resnet50_b128.csv
envA,cuda,resnet50,128,21,434.92,294.31,1763167808.2855637,T4 GPU,C,resnet50_b128.csv
envA,cuda,resnet50,128,22,1312.52,97.52,1763167809.599233,T4 GPU,C,resnet50_b128.csv
envA,cuda,resnet50,128,23,1326.82,96.47,1763167810.9265122,T4 GPU,C,resnet50_b128.csv
envA,cuda,resnet50,128,24,1320.2,96.95,1763167812.247521,T4 GPU,C,resnet50_b128.csv
envA,cuda,resnet50,128,25,1311.42,97.6,1763167813.5593288,T4 GPU,C,resnet50_b128.csv
envA,cuda,resnet50,128,26,1325.29,96.58,1763167814.8850272,T4 GPU,C,resnet50_b128.csv
envA,cuda,resnet50,128,27,1291.52,99.11,1763167816.1768937,T4 GPU,C,resnet50_b128.csv
envA,cuda,resnet50,128,28,1310.97,97.64,1763167817.4881768,T4 GPU,C,resnet50_b128.csv
envA,cuda,resnet50,128,29,1300.07,98.46,1763167818.788952,T4 GPU,C,resnet50_b128.csv
envA,cuda,resnet50,128,30,1288.43,99.35,1763167820.0777738,T4 GPU,C,resnet50_b128.csv
envA,cuda,resnet50,128,31,429.63,297.93,1763167821.3791924,T4 GPU,C,resnet50_b128.csv
envA,cuda,resnet50,128,32,1285.56,99.57,1763167822.6672146,T4 GPU,C,resnet50_b128.csv
envA,cuda,resnet50,128,33,1292.44,99.04,1763167823.9600356,T4 GPU,C,resnet50_b128.csv
envA,cuda,resnet50,128,34,1277.71,100.18,1763167825.2381172,T4 GPU,C,resnet50_b128.csv
envA,cuda,resnet50,128,35,1273.89,100.48,1763167826.5124276,T4 GPU,C,resnet50_b128.csv
envA,cuda,resnet50,128,36,1281.23,99.9,1763167827.7941873,T4 GPU,C,resnet50_b128.csv
envA,cuda,resnet50,128,37,1267.83,100.96,1763167829.0622969,T4 GPU,C,resnet50_b128.csv
envA,cuda,resnet50,128,38,1272.58,100.58,1763167830.3372293,T4 GPU,C,resnet50_b128.csv
envA,cuda,resnet50,128,39,1267.66,100.97,1763167831.6052368,T4 GPU,C,resnet50_b128.csv
envA,cuda,resnet50,128,40,1274.81,100.41,1763167832.8804765,T4 GPU,C,resnet50_b128.csv
envA,cuda,resnet50,128,41,429.68,297.9,1763167834.1608658,T4 GPU,C,resnet50_b128.csv
envA,cuda,resnet50,128,42,1267.11,101.02,1763167835.4282603,T4 GPU,C,resnet50_b128.csv
envA,cuda,resnet50,128,43,1274.91,100.4,1763167836.7036054,T4 GPU,C,resnet50_b128.csv
envA,cuda,resnet50,128,44,1273.05,100.55,1763167837.977087,T4 GPU,C,resnet50_b128.csv
envA,cuda,resnet50,128,45,1277.46,100.2,1763167839.2549214,T4 GPU,C,resnet50_b128.csv
envA,cuda,resnet50,128,46,1273.45,100.51,1763167840.5287728,T4 GPU,C,resnet50_b128.csv
envA,cuda,resnet50,128,47,1273.33,100.52,1763167841.802503,T4 GPU,C,resnet50_b128.csv
envA,cuda,resnet50,128,48,1279.74,100.02,1763167843.082523,T4 GPU,C,resnet50_b128.csv
envA,cuda,resnet50,128,49,1267.25,101.01,1763167844.3501031,T4 GPU,C,resnet50_b128.csv
envA,cuda,resnet50,128,50,1272.46,100.59,1763167845.6229377,T4 GPU,C,resnet50_b128.csv
envA,cuda,resnet50,128,51,429.63,297.93,1763167846.909379,T4 GPU,C,resnet50_b128.csv
envA,cuda,resnet50,128,52,1262.76,101.37,1763167848.1744332,T4 GPU,C,resnet50_b128.csv
envA,cuda,resnet50,128,53,1275.32,100.37,1763167849.4501543,T4 GPU,C,resnet50_b128.csv
envA,cuda,resnet50,128,54,1282.22,99.83,1763167850.7327614,T4 GPU,C,resnet50_b128.csv
envA,cuda,resnet50,128,55,1265.34,101.16,1763167851.9991782,T4 GPU,C,resnet50_b128.csv
envA,cuda,resnet50,128,56,1284.97,99.61,1763167853.2843573,T4 GPU,C,resnet50_b128.csv
envA,cuda,resnet50,128,57,1271.25,100.69,1763167854.5559402,T4 GPU,C,resnet50_b128.csv
envA,cuda,resnet50,128,58,1269.51,100.83,1763167855.8257234,T4 GPU,C,resnet50_b128.csv
envA,cuda,resnet50,128,59,1272.37,100.6,1763167857.0982964,T4 GPU,C,resnet50_b128.csv
envA,cuda,resnet50,128,60,1274.16,100.46,1763167858.3727033,T4 GPU,C,resnet50_b128.csv
envA,cuda,resnet50,128,61,418.47,305.88,1763167859.647882,T4 GPU,C,resnet50_b128.csv
envA,cuda,resnet50,128,62,1275.45,100.36,1763167860.923526,T4 GPU,C,resnet50_b128.csv
envA,cuda,resnet50,128,63,1294.87,98.85,1763167862.218608,T4 GPU,C,resnet50_b128.csv
envA,cuda,resnet50,32,0,337.96,94.69,1763167612.2780876,T4 GPU,C,resnet50_b32.csv
envA,cuda,resnet50,32,1,162.8,196.56,1763167612.63977,T4 GPU,C,resnet50_b32.csv
envA,cuda,resnet50,32,2,278.97,114.71,1763167612.919033,T4 GPU,C,resnet50_b32.csv
envA,cuda,resnet50,32,3,343.76,93.09,1763167613.2631822,T4 GPU,C,resnet50_b32.csv
envA,cuda,resnet50,32,4,316.07,101.24,1763167613.5796962,T4 GPU,C,resnet50_b32.csv
envA,cuda,resnet50,32,5,323.75,98.84,1763167613.9047709,T4 GPU,C,resnet50_b32.csv
envA,cuda,resnet50,32,6,321.41,99.56,1763167614.2265306,T4 GPU,C,resnet50_b32.csv
envA,cuda,resnet50,32,7,326.98,97.86,1763167614.5539243,T4 GPU,C,resnet50_b32.csv
envA,cuda,resnet50,32,8,320.72,99.78,1763167614.8750477,T4 GPU,C,resnet50_b32.csv
envA,cuda,resnet50,32,9,335.28,95.44,1763167615.210683,T4 GPU,C,resnet50_b32.csv
envA,cuda,resnet50,32,10,325.61,98.28,1763167615.536679,T4 GPU,C,resnet50_b32.csv
envA,cuda,resnet50,32,11,119.12,268.65,1763167615.8712678,T4 GPU,C,resnet50_b32.csv
envA,cuda,resnet50,32,12,320.09,99.97,1763167616.1926754,T4 GPU,C,resnet50_b32.csv
envA,cuda,resnet50,32,13,331.37,96.57,1763167616.524395,T4 GPU,C,resnet50_b32.csv
envA,cuda,resnet50,32,14,330.46,96.84,1763167616.8553252,T4 GPU,C,resnet50_b32.csv
envA,cuda,resnet50,32,15,328.99,97.27,1763167617.18473,T4 GPU,C,resnet50_b32.csv
envA,cuda,resnet50,32,16,331.76,96.45,1763167617.5168965,T4 GPU,C,resnet50_b32.csv
envA,cuda,resnet50,32,17,337.08,94.93,1763167617.8547804,T4 GPU,C,resnet50_b32.csv
envA,cuda,resnet50,32,18,330.79,96.74,1763167618.1859522,T4 GPU,C,resnet50_b32.csv
envA,cuda,resnet50,32,19,334.66,95.62,1763167618.5210009,T4 GPU,C,resnet50_b32.csv
envA,cuda,resnet50,32,20,332.08,96.36,1763167618.8534436,T4 GPU,C,resnet50_b32.csv
envA,cuda,resnet50,32,21,121.14,264.16,1763167619.1937842,T4 GPU,C,resnet50_b32.csv
envA,cuda,resnet50,32,22,323.78,98.83,1763167619.5178618,T4 GPU,C,resnet50_b32.csv
envA,cuda,resnet50,32,23,334.29,95.73,1763167619.852514,T4 GPU,C,resnet50_b32.csv
envA,cuda,resnet50,32,24,343.56,93.14,1763167620.1965036,T4 GPU,C,resnet50_b32.csv
envA,cuda,resnet50,32,25,328.3,97.47,1763167620.5250936,T4 GPU,C,resnet50_b32.csv
envA,cuda,resnet50,32,26,335.28,95.44,1763167620.860749,T4 GPU,C,resnet50_b32.csv
envA,cuda,resnet50,32,27,336.58,95.07,1763167621.197707,T4 GPU,C,resnet50_b32.csv
envA,cuda,resnet50,32,28,339.21,94.34,1763167621.5373013,T4 GPU,C,resnet50_b32.csv
envA,cuda,resnet50,32,29,333.16,96.05,1763167621.871832,T4 GPU,C,resnet50_b32.csv
envA,cuda,resnet50,32,30,337.92,94.7,1763167622.210155,T4 GPU,C,resnet50_b32.csv
envA,cuda,resnet50,32,31,122.42,261.4,1763167622.5552232,T4 GPU,C,resnet50_b32.csv
envA,cuda,resnet50,32,32,335.36,95.42,1763167622.8908548,T4 GPU,C,resnet50_b32.csv
envA,cuda,resnet50,32,33,332.68,96.19,1763167623.2253182,T4 GPU,C,resnet50_b32.csv
envA,cuda,resnet50,32,34,335.57,95.36,1763167623.5613048,T4 GPU,C,resnet50_b32.csv
envA,cuda,resnet50,32,35,340.14,94.08,1763167623.9018388,T4 GPU,C,resnet50_b32.csv
envA,cuda,resnet50,32,36,344.53,92.88,1763167624.2467422,T4 GPU,C,resnet50_b32.csv
envA,cuda,resnet50,32,37,343.82,93.07,1763167624.5908954,T4 GPU,C,resnet50_b32.csv
envA,cuda,resnet50,32,38,343.43,93.18,1763167624.935321,T4 GPU,C,resnet50_b32.csv
envA,cuda,resnet50,32,39,347.07,92.2,1763167625.2826989,T4 GPU,C,resnet50_b32.csv
envA,cuda,resnet50,32,40,360.45,88.78,1763167625.6434329,T4 GPU,C,resnet50_b32.csv
envA,cuda,resnet50,32,41,146.87,217.88,1763167625.9915657,T4 GPU,C,resnet50_b32.csv
envA,cuda,resnet50,32,42,318.75,100.39,1763167626.3106294,T4 GPU,C,resnet50_b32.csv
envA,cuda,resnet50,32,43,358.5,89.26,1763167626.6711512,T4 GPU,C,resnet50_b32.csv
envA,cuda,resnet50,32,44,329.83,97.02,1763167627.0012465,T4 GPU,C,resnet50_b32.csv
envA,cuda,resnet50,32,45,335.03,95.51,1763167627.3374083,T4 GPU,C,resnet50_b32.csv
envA,cuda,resnet50,32,46,344.74,92.82,1763167627.6843958,T4 GPU,C,resnet50_b32.csv
envA,cuda,resnet50,32,47,341.37,93.74,1763167628.0261502,T4 GPU,C,resnet50_b32.csv
envA,cuda,resnet50,32,48,344.53,92.88,1763167628.3710809,T4 GPU,C,resnet50_b32.csv
envA,cuda,resnet50,32,49,348.53,91.82,1763167628.7199595,T4 GPU,C,resnet50_b32.csv
envA,cuda,resnet50,32,50,337.44,94.83,1763167629.0577488,T4 GPU,C,resnet50_b32.csv
envA,cuda,resnet50,32,51,127.85,250.29,1763167629.4115036,T4 GPU,C,resnet50_b32.csv
envA,cuda,resnet50,32,52,336.45,95.11,1763167629.748222,T4 GPU,C,resnet50_b32.csv
envA,cuda,resnet50,32,53,340.14,94.08,1763167630.0887508,T4 GPU,C,resnet50_b32.csv
envA,cuda,resnet50,32,54,346.54,92.34,1763167630.4356625,T4 GPU,C,resnet50_b32.csv
envA,cuda,resnet50,32,55,342.29,93.49,1763167630.7783237,T4 GPU,C,resnet50_b32.csv
envA,cuda,resnet50,32,56,341.68,93.65,1763167631.1203656,T4 GPU,C,resnet50_b32.csv
envA,cuda,resnet50,32,57,346.52,92.35,1763167631.4672897,T4 GPU,C,resnet50_b32.csv
envA,cuda,resnet50,32,58,340.66,93.93,1763167631.808327,T4 GPU,C,resnet50_b32.csv
envA,cuda,resnet50,32,59,340.49,93.98,1763167632.1491833,T4 GPU,C,resnet50_b32.csv
envA,cuda,resnet50,32,60,346.31,92.4,1763167632.4958754,T4 GPU,C,resnet50_b32.csv
envA,cuda,resnet50,32,61,123.58,258.95,1763167632.8472643,T4 GPU,C,resnet50_b32.csv
envA,cuda,resnet50,32,62,333.55,95.94,1763167633.181215,T4 GPU,C,resnet50_b32.csv
envA,cuda,resnet50,32,63,343.84,93.07,1763167633.5254023,T4 GPU,C,resnet50_b32.csv
envA,cuda,resnet50,32,64,342.11,93.54,1763167633.867901,T4 GPU,C,resnet50_b32.csv
envA,cuda,resnet50,32,65,340.58,93.96,1763167634.2088363,T4 GPU,C,resnet50_b32.csv
envA,cuda,resnet50,32,66,343.44,93.17,1763167634.5526674,T4 GPU,C,resnet50_b32.csv
envA,cuda,resnet50,32,67,338.25,94.6,1763167634.8919327,T4 GPU,C,resnet50_b32.csv
envA,cuda,resnet50,32,68,334.61,95.63,1763167635.2274897,T4 GPU,C,resnet50_b32.csv
envA,cuda,resnet50,32,69,339.3,94.31,1763167635.5672162,T4 GPU,C,resnet50_b32.csv
envA,cuda,resnet50,32,70,339.6,94.23,1763167635.9072104,T4 GPU,C,resnet50_b32.csv
envA,cuda,resnet50,32,71,122.61,260.99,1763167636.2490268,T4 GPU,C,resnet50_b32.csv
envA,cuda,resnet50,32,72,330.68,96.77,1763167636.579986,T4 GPU,C,resnet50_b32.csv
envA,cuda,resnet50,32,73,339.12,94.36,1763167636.9195096,T4 GPU,C,resnet50_b32.csv
envA,cuda,resnet50,32,74,340.07,94.1,1763167637.2599976,T4 GPU,C,resnet50_b32.csv
envA,cuda,resnet50,32,75,338.94,94.41,1763167637.599235,T4 GPU,C,resnet50_b32.csv
envA,cuda,resnet50,32,76,333.7,95.89,1763167637.9332354,T4 GPU,C,resnet50_b32.csv
envA,cuda,resnet50,32,77,342.02,93.56,1763167638.2755723,T4 GPU,C,resnet50_b32.csv
envA,cuda,resnet50,32,78,325.57,98.29,1763167638.6014247,T4 GPU,C,resnet50_b32.csv
envA,cuda,resnet50,32,79,334.08,95.78,1763167638.9377162,T4 GPU,C,resnet50_b32.csv
envA,cuda,resnet50,32,80,343.25,93.23,1763167639.2812605,T4 GPU,C,resnet50_b32.csv
envA,cuda,resnet50,32,81,132.06,242.31,1763167639.6191435,T4 GPU,C,resnet50_b32.csv
envA,cuda,resnet50,32,82,312.88,102.27,1763167639.932362,T4 GPU,C,resnet50_b32.csv
envA,cuda,resnet50,32,83,331.61,96.5,1763167640.2643418,T4 GPU,C,resnet50_b32.csv
envA,cuda,resnet50,32,84,327.01,97.86,1763167640.591733,T4 GPU,C,resnet50_b32.csv
envA,cuda,resnet50,32,85,331.76,96.46,1763167640.9238777,T4 GPU,C,resnet50_b32.csv
envA,cuda,resnet50,32,86,331.37,96.57,1763167641.2556124,T4 GPU,C,resnet50_b32.csv
envA,cuda,resnet50,32,87,330.09,96.94,1763167641.586099,T4 GPU,C,resnet50_b32.csv
envA,cuda,resnet50,32,88,331.92,96.41,1763167641.9184067,T4 GPU,C,resnet50_b32.csv
envA,cuda,resnet50,32,89,325.46,98.32,1763167642.2443268,T4 GPU,C,resnet50_b32.csv
envA,cuda,resnet50,32,90,326.67,97.96,1763167642.571395,T4 GPU,C,resnet50_b32.csv
envA,cuda,resnet50,32,91,121.53,263.32,1763167642.91337,T4 GPU,C,resnet50_b32.csv
envA,cuda,resnet50,32,92,322.84,99.12,1763167643.2365732,T4 GPU,C,resnet50_b32.csv
envA,cuda,resnet50,32,93,325.12,98.43,1763167643.562047,T4 GPU,C,resnet50_b32.csv
envA,cuda,resnet50,32,94,333.94,95.82,1763167643.8963385,T4 GPU,C,resnet50_b32.csv
envA,cuda,resnet50,32,95,325.78,98.23,1763167644.2225096,T4 GPU,C,resnet50_b32.csv
envA,cuda,resnet50,32,96,327.64,97.67,1763167644.550536,T4 GPU,C,resnet50_b32.csv
envA,cuda,resnet50,32,97,326.09,98.13,1763167644.8769813,T4 GPU,C,resnet50_b32.csv
envA,cuda,resnet50,32,98,325.66,98.26,1763167645.2029817,T4 GPU,C,resnet50_b32.csv
envA,cuda,resnet50,32,99,327.89,97.59,1763167645.5312097,T4 GPU,C,resnet50_b32.csv
envA,cuda,resnet50,64,0,621.59,102.96,1763167676.0508697,T4 GPU,C,resnet50_b64.csv
envA,cuda,resnet50,64,1,218.49,292.92,1763167676.67767,T4 GPU,C,resnet50_b64.csv
envA,cuda,resnet50,64,2,612.88,104.42,1763167677.2908275,T4 GPU,C,resnet50_b64.csv
envA,cuda,resnet50,64,3,614.43,104.16,1763167677.9057002,T4 GPU,C,resnet50_b64.csv
envA,cuda,resnet50,64,4,620.72,103.11,1763167678.5268116,T4 GPU,C,resnet50_b64.csv
envA,cuda,resnet50,64,5,627.4,102.01,1763167679.154599,T4 GPU,C,resnet50_b64.csv
envA,cuda,resnet50,64,6,624.78,102.44,1763167679.7797716,T4 GPU,C,resnet50_b64.csv
envA,cuda,resnet50,64,7,625.89,102.25,1763167680.4060462,T4 GPU,C,resnet50_b64.csv
envA,cuda,resnet50,64,8,622.29,102.85,1763167681.0287037,T4 GPU,C,resnet50_b64.csv
envA,cuda,resnet50,64,9,626.65,102.13,1763167681.6557114,T4 GPU,C,resnet50_b64.csv
envA,cuda,resnet50,64,10,626.59,102.14,1763167682.28268,T4 GPU,C,resnet50_b64.csv
envA,cuda,resnet50,64,11,217.25,294.59,1763167682.9213855,T4 GPU,C,resnet50_b64.csv
envA,cuda,resnet50,64,12,628.47,101.83,1763167683.5502253,T4 GPU,C,resnet50_b64.csv
envA,cuda,resnet50,64,13,629.68,101.64,1763167684.1807685,T4 GPU,C,resnet50_b64.csv
envA,cuda,resnet50,64,14,629.7,101.64,1763167684.8108556,T4 GPU,C,resnet50_b64.csv
envA,cuda,resnet50,64,15,627.95,101.92,1763167685.439222,T4 GPU,C,resnet50_b64.csv
envA,cuda,resnet50,64,16,635.82,100.66,1763167686.0754132,T4 GPU,C,resnet50_b64.csv
envA,cuda,resnet50,64,17,643.29,99.49,1763167686.719136,T4 GPU,C,resnet50_b64.csv
envA,cuda,resnet50,64,18,631.9,101.28,1763167687.3514454,T4 GPU,C,resnet50_b64.csv
envA,cuda,resnet50,64,19,644.61,99.29,1763167687.9964757,T4 GPU,C,resnet50_b64.csv
envA,cuda,resnet50,64,20,644.99,99.23,1763167688.6417532,T4 GPU,C,resnet50_b64.csv
envA,cuda,resnet50,64,21,234.05,273.45,1763167689.302016,T4 GPU,C,resnet50_b64.csv
envA,cuda,resnet50,64,22,639.46,100.08,1763167689.941804,T4 GPU,C,resnet50_b64.csv
envA,cuda,resnet50,64,23,640.63,99.9,1763167690.5829127,T4 GPU,C,resnet50_b64.csv
envA,cuda,resnet50,64,24,655.81,97.59,1763167691.2390893,T4 GPU,C,resnet50_b64.csv
envA,cuda,resnet50,64,25,647.5,98.84,1763167691.886963,T4 GPU,C,resnet50_b64.csv
envA,cuda,resnet50,64,26,646.65,98.97,1763167692.5339825,T4 GPU,C,resnet50_b64.csv
envA,cuda,resnet50,64,27,657.48,97.34,1763167693.1918645,T4 GPU,C,resnet50_b64.csv
envA,cuda,resnet50,64,28,656.24,97.53,1763167693.8484788,T4 GPU,C,resnet50_b64.csv
envA,cuda,resnet50,64,29,664.51,96.31,1763167694.5133965,T4 GPU,C,resnet50_b64.csv
envA,cuda,resnet50,64,30,649.5,98.54,1763167695.1641936,T4 GPU,C,resnet50_b64.csv
envA,cuda,resnet50,64,31,232.87,274.84,1763167695.8412504,T4 GPU,C,resnet50_b64.csv
envA,cuda,resnet50,64,32,656.03,97.56,1763167696.4996786,T4 GPU,C,resnet50_b64.csv
envA,cuda,resnet50,64,33,666.04,96.09,1763167697.1661024,T4 GPU,C,resnet50_b64.csv
envA,cuda,resnet50,64,34,666.29,96.05,1763167697.8328106,T4 GPU,C,resnet50_b64.csv
envA,cuda,resnet50,64,35,667.7,95.85,1763167698.5009098,T4 GPU,C,resnet50_b64.csv
envA,cuda,resnet50,64,36,666.31,96.05,1763167699.1676078,T4 GPU,C,resnet50_b64.csv
envA,cuda,resnet50,64,37,668.08,95.8,1763167699.836076,T4 GPU,C,resnet50_b64.csv
envA,cuda,resnet50,64,38,671.14,95.36,1763167700.5075934,T4 GPU,C,resnet50_b64.csv
envA,cuda,resnet50,64,39,663.23,96.5,1763167701.171097,T4 GPU,C,resnet50_b64.csv
envA,cuda,resnet50,64,40,672.71,95.14,1763167701.8440793,T4 GPU,C,resnet50_b64.csv
envA,cuda,resnet50,64,41,238.98,267.8,1763167702.5202749,T4 GPU,C,resnet50_b64.csv
envA,cuda,resnet50,64,42,650.05,98.45,1763167703.171975,T4 GPU,C,resnet50_b64.csv
envA,cuda,resnet50,64,43,666.22,96.06,1763167703.8385725,T4 GPU,C,resnet50_b64.csv
envA,cuda,resnet50,64,44,666.44,96.03,1763167704.505397,T4 GPU,C,resnet50_b64.csv
envA,cuda,resnet50,64,45,678.01,94.39,1763167705.183828,T4 GPU,C,resnet50_b64.csv
envA,cuda,resnet50,64,46,654.61,97.77,1763167705.8388224,T4 GPU,C,resnet50_b64.csv
envA,cuda,resnet50,64,47,673.82,94.98,1763167706.5130413,T4 GPU,C,resnet50_b64.csv
envA,cuda,resnet50,64,48,662.21,96.65,1763167707.1755574,T4 GPU,C,resnet50_b64.csv
envA,cuda,resnet50,64,49,656.75,97.45,1763167707.8326948,T4 GPU,C,resnet50_b64.csv
envA,cuda,resnet50,64,50,656.26,97.52,1763167708.4893866,T4 GPU,C,resnet50_b64.csv
envA,cuda,resnet50,64,51,232.32,275.48,1763167709.1643124,T4 GPU,C,resnet50_b64.csv
envA,cuda,resnet50,64,52,651.32,98.26,1763167709.8159163,T4 GPU,C,resnet50_b64.csv
envA,cuda,resnet50,64,53,654.53,97.78,1763167710.4708183,T4 GPU,C,resnet50_b64.csv
envA,cuda,resnet50,64,54,666.26,96.06,1763167711.1374786,T4 GPU,C,resnet50_b64.csv
envA,cuda,resnet50,64,55,659.3,97.07,1763167711.7971911,T4 GPU,C,resnet50_b64.csv
envA,cuda,resnet50,64,56,654.61,97.77,1763167712.4522104,T4 GPU,C,resnet50_b64.csv
envA,cuda,resnet50,64,57,671.68,95.28,1763167713.1242893,T4 GPU,C,resnet50_b64.csv
envA,cuda,resnet50,64,58,670.1,95.51,1763167713.7947893,T4 GPU,C,resnet50_b64.csv
envA,cuda,resnet50,64,59,635.64,100.69,1763167714.4322903,T4 GPU,C,resnet50_b64.csv
envA,cuda,resnet50,64,60,655.13,97.69,1763167715.087776,T4 GPU,C,resnet50_b64.csv
envA,cuda,resnet50,64,61,223.77,286.01,1763167715.7357352,T4 GPU,C,resnet50_b64.csv
envA,cuda,resnet50,64,62,655.71,97.6,1763167716.3917367,T4 GPU,C,resnet50_b64.csv
envA,cuda,resnet50,64,63,653.27,97.97,1763167717.045395,T4 GPU,C,resnet50_b64.csv
envA,cuda,resnet50,64,64,661.32,96.78,1763167717.7071054,T4 GPU,C,resnet50_b64.csv
envA,cuda,resnet50,64,65,652.87,98.03,1763167718.360336,T4 GPU,C,resnet50_b64.csv
envA,cuda,resnet50,64,66,647.42,98.85,1763167719.00813,T4 GPU,C,resnet50_b64.csv
envA,cuda,resnet50,64,67,642.82,99.56,1763167719.6513517,T4 GPU,C,resnet50_b64.csv
envA,cuda,resnet50,64,68,647.83,98.79,1763167720.2995782,T4 GPU,C,resnet50_b64.csv
envA,cuda,resnet50,64,69,647.38,98.86,1763167720.9473462,T4 GPU,C,resnet50_b64.csv
envA,cuda,resnet50,64,70,659.23,97.08,1763167721.6069725,T4 GPU,C,resnet50_b64.csv
envA,cuda,resnet50,64,71,222.95,287.06,1763167722.260747,T4 GPU,C,resnet50_b64.csv
envA,cuda,resnet50,64,72,638.67,100.21,1763167722.9003284,T4 GPU,C,resnet50_b64.csv
envA,cuda,resnet50,64,73,646.55,98.99,1763167723.5472648,T4 GPU,C,resnet50_b64.csv
envA,cuda,resnet50,64,74,648.31,98.72,1763167724.196016,T4 GPU,C,resnet50_b64.csv
envA,cuda,resnet50,64,75,646.14,99.05,1763167724.842576,T4 GPU,C,resnet50_b64.csv
envA,cuda,resnet50,64,76,654.66,97.76,1763167725.4976437,T4 GPU,C,resnet50_b64.csv
envA,cuda,resnet50,64,77,643.59,99.44,1763167726.141611,T4 GPU,C,resnet50_b64.csv
envA,cuda,resnet50,64,78,663.15,96.51,1763167726.8050506,T4 GPU,C,resnet50_b64.csv
envA,cuda,resnet50,64,79,638.37,100.26,1763167727.443714,T4 GPU,C,resnet50_b64.csv
envA,cuda,resnet50,64,80,639.15,100.13,1763167728.0858166,T4 GPU,C,resnet50_b64.csv
envA,cuda,resnet50,64,81,226.62,282.41,1763167728.742073,T4 GPU,C,resnet50_b64.csv
envA,cuda,resnet50,64,82,633.39,101.04,1763167729.37806,T4 GPU,C,resnet50_b64.csv
envA,cuda,resnet50,64,83,647.69,98.81,1763167730.026107,T4 GPU,C,resnet50_b64.csv
envA,cuda,resnet50,64,84,644.03,99.37,1763167730.6705244,T4 GPU,C,resnet50_b64.csv
envA,cuda,resnet50,64,85,631.51,101.34,1763167731.3023531,T4 GPU,C,resnet50_b64.csv
envA,cuda,resnet50,64,86,644.41,99.32,1763167731.9471283,T4 GPU,C,resnet50_b64.csv
envA,cuda,resnet50,64,87,639.57,100.07,1763167732.5870552,T4 GPU,C,resnet50_b64.csv
envA,cuda,resnet50,64,88,638.35,100.26,1763167733.2257888,T4 GPU,C,resnet50_b64.csv
envA,cuda,resnet50,64,89,635.94,100.64,1763167733.8620946,T4 GPU,C,resnet50_b64.csv
envA,cuda,resnet50,64,90,640.71,99.89,1763167734.5031693,T4 GPU,C,resnet50_b64.csv
envA,cuda,resnet50,64,91,219.39,291.72,1763167735.139985,T4 GPU,C,resnet50_b64.csv
envA,cuda,resnet50,64,92,634.17,100.92,1763167735.7768135,T4 GPU,C,resnet50_b64.csv
envA,cuda,resnet50,64,93,637.06,100.46,1763167736.4142406,T4 GPU,C,resnet50_b64.csv
envA,cuda,resnet50,64,94,638.49,100.24,1763167737.0538852,T4 GPU,C,resnet50_b64.csv
envA,cuda,resnet50,64,95,633.71,100.99,1763167737.687998,T4 GPU,C,resnet50_b64.csv
envA,cuda,resnet50,64,96,649.52,98.53,1763167738.3379047,T4 GPU,C,resnet50_b64.csv
envA,cuda,resnet50,64,97,630.86,101.45,1763167738.9691482,T4 GPU,C,resnet50_b64.csv
envA,cuda,resnet50,64,98,643.28,99.49,1763167739.6126778,T4 GPU,C,resnet50_b64.csv
envA,cuda,resnet50,64,99,623.96,102.57,1763167740.23697,T4 GPU,C,resnet50_b64.csv
